CUSIP,Security Type,Security Term,Auction Date,Issue Date,Maturity Date,Price,High Yield,Interest Rate,TIPS
91282CRJ2,Note,7-Year,08/27/2026,08/31/2026,08/31/2033,99.928654,0.04512,0.045000,No
91282CRK9,Note,5-Year,08/26/2026,08/31/2026,08/31/2031,99.919982,0.04393,0.043750,No
91282CRH6,Note,2-Year,08/25/2026,08/31/2026,08/31/2028,99.849966,0.04204,0.041250,No
912810US5,Bond,29-Year 6-Month,08/20/2026,08/31/2026,02/15/2056,91.015136,0.02973,0.023750,Yes
912810UX4,Bond,20-Year,08/19/2026,08/31/2026,08/15/2046,99.021288,0.05204,0.051250,No
912810UW6,Bond,30-Year,08/13/2026,08/17/2026,08/15/2056,98.627017,0.05216,0.051250,No
91282CRF0,Note,10-Year,08/12/2026,08/17/2026,08/15/2036,99.540696,0.04683,0.046250,No
91282CRG8,Note,3-Year,08/11/2026,08/17/2026,08/15/2029,99.885444,0.04291,0.042500,No
91282CRC7,Note,7-Year,07/28/2026,07/31/2026,07/31/2033,99.416549,0.04473,0.043750,No
91282CRB9,Note,2-Year,07/27/2026,07/31/2026,07/31/2028,99.876720,0.04315,0.042500,No
91282CRA1,Note,5-Year,07/27/2026,07/31/2026,07/31/2031,99.853357,0.04408,0.043750,No
91282CRE3,Note,10-Year,07/23/2026,07/31/2026,07/15/2036,99.768091,0.02438,0.023750,Yes
912810UV8,Bond,19-Year 10-Month,07/22/2026,07/24/2026,05/15/2046,97.977958,0.05163,0.050000,No
912810UU0,Bond,29-Year 10-Month,07/09/2026,07/15/2026,05/15/2056,99.097875,0.05058,0.050000,No
91282CQQ7,Note,9-Year 10-Month,07/08/2026,07/15/2026,05/15/2036,98.380297,0.04580,0.043750,No
91282CQZ7,Note,3-Year,07/07/2026,07/15/2026,07/15/2029,99.849217,0.04179,0.041250,No
91282CQW4,Note,7-Year,06/25/2026,06/30/2026,06/30/2033,99.940019,0.04260,0.042500,No
91282CQX2,Note,5-Year,06/24/2026,06/30/2026,06/30/2031,99.664909,0.04200,0.041250,No
91282CQY0,Note,2-Year,06/23/2026,06/30/2026,06/30/2028,99.878432,0.04189,0.041250,No
91282CQP9,Note,4-Year 10-Month,06/18/2026,06/30/2026,04/15/2031,98.854348,0.01955,0.012500,Yes
912810UV8,Bond,19-Year 11-Month,06/16/2026,06/22/2026,05/15/2046,100.909218,0.04927,0.050000,No
912810UU0,Bond,29-Year 11-Month,06/11/2026,06/15/2026,05/15/2056,99.683378,0.05020,0.050000,No
91282CQQ7,Note,9-Year 11-Month,06/10/2026,06/15/2026,05/15/2036,98.703094,0.04538,0.043750,No
91282CQV6,Note,3-Year,06/09/2026,06/15/2026,06/15/2029,99.812958,0.04192,0.041250,No
91282CQT1,Note,7-Year,05/28/2026,06/01/2026,05/31/2033,99.760165,0.04290,0.042500,No
91282CQU8,Note,5-Year,05/27/2026,06/01/2026,05/31/2031,99.745106,0.04182,0.041250,No
91282CQS3,Note,2-Year,05/26/2026,06/01/2026,05/31/2028,99.864901,0.04071,0.040000,No
91282CPU9,Note,9-Year 8-Month,05/21/2026,05/29/2026,01/15/2036,98.938521,0.02169,0.018750,Yes
912810UV8,Bond,20-Year,05/20/2026,06/01/2026,05/15/2046,98.481099,0.05122,0.050000,No
912810UU0,Bond,30-Year,05/13/2026,05/15/2026,05/15/2056,99.292811,0.05046,0.050000,No
91282CQQ7,Note,10-Year,05/12/2026,05/15/2026,05/15/2036,99.256552,0.04468,0.043750,No
91282CQR5,Note,3-Year,05/11/2026,05/15/2026,05/15/2029,99.747787,0.03965,0.038750,No
91282CQN4,Note,7-Year,04/28/2026,04/30/2026,04/30/2033,99.699199,0.04175,0.041250,No
91282CQL8,Note,2-Year,04/27/2026,04/30/2026,04/30/2028,99.881691,0.03812,0.037500,No
91282CQK0,Note,5-Year,04/27/2026,04/30/2026,04/30/2031,99.640273,0.03955,0.038750,No
91282CQP9,Note,5-Year,04/23/2026,04/30/2026,04/15/2031,99.674220,0.01367,0.012500,Yes
912810UT3,Bond,19-Year 10-Month,04/22/2026,04/30/2026,02/15/2046,96.735962,0.04883,0.046250,No
912810UR7,Bond,29-Year 10-Month,04/09/2026,04/15/2026,02/15/2056,98.017194,0.04876,0.047500,No
91282CPZ8,Note,9-Year 10-Month,04/08/2026,04/15/2026,02/15/2036,98.740656,0.04282,0.041250,No
91282CQJ3,Note,3-Year,04/07/2026,04/15/2026,04/15/2029,99.938277,0.03897,0.038750,No
91282CQF1,Note,7-Year,03/26/2026,03/31/2026,03/31/2033,99.970004,0.04255,0.042500,No
91282CQG9,Note,5-Year,03/25/2026,03/31/2026,03/31/2031,99.528167,0.03980,0.038750,No
91282CQH7,Note,2-Year,03/24/2026,03/31/2026,03/31/2028,99.883774,0.03936,0.038750,No
91282CPU9,Note,9-Year 10-Month,03/19/2026,03/31/2026,01/15/2036,99.896801,0.01896,0.018750,Yes
912810UT3,Bond,19-Year 11-Month,03/17/2026,03/31/2026,02/15/2046,97.551352,0.04817,0.046250,No
912810UR7,Bond,29-Year 11-Month,03/12/2026,03/16/2026,02/15/2056,98.096850,0.04871,0.047500,No
91282CPZ8,Note,9-Year 11-Month,03/11/2026,03/16/2026,02/15/2036,99.254672,0.04217,0.041250,No
91282CQE4,Note,3-Year,03/10/2026,03/16/2026,03/15/2029,99.777186,0.03579,0.035000,No
91282CQC8,Note,7-Year,02/26/2026,03/02/2026,02/28/2033,99.755866,0.03790,0.037500,No
91282CQD6,Note,5-Year,02/25/2026,03/02/2026,02/28/2031,99.478439,0.03615,0.035000,No
91282CQB0,Note,2-Year,02/24/2026,03/02/2026,02/29/2028,99.846770,0.03455,0.033750,No
912810US5,Bond,30-Year,02/19/2026,02/27/2026,02/15/2056,97.924748,0.02473,0.023750,Yes
912810UT3,Bond,20-Year,02/18/2026,03/02/2026,02/15/2046,99.492967,0.04664,0.046250,No
912810UR7,Bond,30-Year,02/12/2026,02/17/2026,02/15/2056,99.999398,0.04750,0.047500,No
91282CPZ8,Note,10-Year,02/11/2026,02/17/2026,02/15/2036,99.578196,0.04177,0.041250,No
91282CQA2,Note,3-Year,02/10/2026,02/17/2026,02/15/2029,99.948932,0.03518,0.035000,No
91282CPY1,Note,7-Year,01/29/2026,02/02/2026,01/31/2033,99.890756,0.04018,0.040000,No
91282CPW5,Note,5-Year,01/27/2026,02/02/2026,01/31/2031,99.670556,0.03823,0.037500,No
91282CGH8,Note,2-Year,01/26/2026,02/02/2026,01/31/2028,99.846980,0.03580,0.035000,No
91282CPU9,Note,10-Year,01/22/2026,01/30/2026,01/15/2036,99.193557,0.01940,0.018750,Yes
912810UQ9,Bond,19-Year 10-Month,01/21/2026,02/02/2026,11/15/2045,97.194489,0.04846,0.046250,No
912810UP1,Bond,29-Year 10-Month,01/13/2026,01/15/2026,11/15/2055,96.842230,0.04825,0.046250,No
91282CPT2,Note,3-Year,01/12/2026,01/15/2026,01/15/2029,99.692698,0.03609,0.035000,No
91282CPJ4,Note,9-Year 10-Month,01/12/2026,01/15/2026,11/15/2035,98.607166,0.04173,0.040000,No
91282CPQ8,Note,7-Year,12/24/2025,12/31/2025,12/31/2032,99.666257,0.03930,0.038750,No
91282CPR6,Note,5-Year,12/23/2025,12/31/2025,12/31/2030,99.448418,0.03747,0.036250,No
91282CPS4,Note,2-Year,12/22/2025,12/31/2025,12/31/2027,99.762479,0.03499,0.033750,No
91282CPH8,Note,4-Year 10-Month,12/18/2025,12/31/2025,10/15/2030,99.222140,0.01433,0.011250,Yes
912810UQ9,Bond,19-Year 11-Month,12/17/2025,12/31/2025,11/15/2045,97.789241,0.04798,0.046250,No
912810UP1,Bond,29-Year 11-Month,12/11/2025,12/15/2025,11/15/2055,97.647861,0.04773,0.046250,No
91282CPJ4,Note,9-Year 11-Month,12/09/2025,12/15/2025,11/15/2035,98.585013,0.04175,0.040000,No
91282CPP0,Note,3-Year,12/08/2025,12/15/2025,12/15/2028,99.678628,0.03614,0.035000,No
91282CPM7,Note,7-Year,11/26/2025,12/01/2025,11/30/2032,99.810773,0.03781,0.037500,No
91282CPN5,Note,5-Year,11/25/2025,12/01/2025,11/30/2030,99.718295,0.03562,0.035000,No
91282CPL9,Note,2-Year,11/24/2025,12/01/2025,11/30/2027,99.781736,0.03489,0.033750,No
91282CNS6,Note,9-Year 8-Month,11/20/2025,11/28/2025,07/15/2035,101.409692,0.01843,0.018750,Yes
912810UQ9,Bond,20-Year,11/19/2025,12/01/2025,11/15/2045,98.954789,0.04706,0.046250,No
912810UP1,Bond,30-Year,11/13/2025,11/17/2025,11/15/2055,98.894977,0.04694,0.046250,No
91282CPJ4,Note,10-Year,11/12/2025,11/17/2025,11/15/2035,99.396983,0.04074,0.040000,No
91282CPK1,Note,3-Year,11/10/2025,11/17/2025,11/15/2028,99.777212,0.03579,0.035000,No
91282CPF2,Note,7-Year,10/28/2025,10/31/2025,10/31/2032,99.756076,0.03790,0.037500,No
91282CPE5,Note,2-Year,10/27/2025,10/31/2025,10/31/2027,99.992338,0.03504,0.035000,No
91282CPD7,Note,5-Year,10/27/2025,10/31/2025,10/31/2030,100.000000,0.03625,0.036250,No
91282CPH8,Note,5-Year,10/23/2025,10/31/2025,10/15/2030,99.873728,0.01182,0.011250,Yes
912810UN6,Bond,19-Year 10-Month,10/22/2025,10/31/2025,08/15/2045,104.785763,0.04506,0.048750,No
912810UM8,Bond,29-Year 10-Month,10/09/2025,10/15/2025,08/15/2055,100.242034,0.04734,0.047500,No
91282CNT4,Note,9-Year 10-Month,10/08/2025,10/15/2025,08/15/2035,101.057226,0.04117,0.042500,No
91282CPC9,Note,3-Year,10/07/2025,10/15/2025,10/15/2028,99.785614,0.03576,0.035000,No
91282CNZ0,Note,7-Year,09/25/2025,09/30/2025,09/30/2032,99.527074,0.03953,0.038750,No
91282CPA3,Note,5-Year,09/24/2025,09/30/2025,09/30/2030,99.615328,0.03710,0.036250,No
91282CPB1,Note,2-Year,09/23/2025,09/30/2025,09/30/2027,99.864119,0.03571,0.035000,No
91282CNS6,Note,9-Year 10-Month,09/18/2025,09/30/2025,07/15/2035,101.872346,0.01734,0.018750,Yes
912810UN6,Bond,19-Year 11-Month,09/16/2025,09/30/2025,08/15/2045,103.374975,0.04613,0.048750,No
912810UM8,Bond,29-Year 11-Month,09/11/2025,09/15/2025,08/15/2055,101.583058,0.04651,0.047500,No
91282CNT4,Note,9-Year 11-Month,09/10/2025,09/15/2025,08/15/2035,101.753345,0.04033,0.042500,No
91282CNY3,Note,3-Year,09/09/2025,09/15/2025,09/15/2028,99.689226,0.03485,0.033750,No
91282CNW7,Note,7-Year,08/28/2025,09/02/2025,08/31/2032,99.696342,0.03925,0.038750,No
91282CNX5,Note,5-Year,08/27/2025,09/02/2025,08/31/2030,99.552219,0.03724,0.036250,No
91282CNV9,Note,2-Year,08/26/2025,09/02/2025,08/31/2027,99.969131,0.03641,0.036250,No
912810UH9,Bond,29-Year 6-Month,08/21/2025,08/29/2025,02/15/2055,96.465875,0.02650,0.023750,Yes
912810UN6,Bond,20-Year,08/20/2025,09/02/2025,08/15/2045,99.982203,0.04876,0.048750,No
912810UM8,Bond,30-Year,08/07/2025,08/15/2025,08/15/2055,99.005294,0.04813,0.047500,No
91282CNT4,Note,10-Year,08/06/2025,08/15/2025,08/15/2035,99.959620,0.04255,0.042500,No
91282CNU1,Note,3-Year,08/05/2025,08/15/2025,08/15/2028,99.876077,0.03669,0.036250,No
91282CNR8,Note,7-Year,07/29/2025,07/31/2025,07/31/2032,99.444911,0.04092,0.040000,No
91282CNP2,Note,2-Year,07/28/2025,07/31/2025,07/31/2027,99.914243,0.03920,0.038750,No
91282CNN7,Note,5-Year,07/28/2025,07/31/2025,07/31/2030,99.514725,0.03983,0.038750,No
91282CNS6,Note,10-Year,07/24/2025,07/31/2025,07/15/2035,99.116833,0.01985,0.018750,Yes
912810UL0,Bond,19-Year 10-Month,07/23/2025,07/31/2025,05/15/2045,100.800466,0.04935,0.050000,No
912810UK2,Bond,29-Year 10-Month,07/10/2025,07/15/2025,05/15/2055,97.817084,0.04889,0.047500,No
91282CNC1,Note,9-Year 10-Month,07/09/2025,07/15/2025,05/15/2035,99.101876,0.04362,0.042500,No
91282CNM9,Note,3-Year,07/08/2025,07/15/2025,07/15/2028,99.955106,0.03891,0.038750,No
91282CNJ6,Note,7-Year,06/26/2025,06/30/2025,06/30/2032,99.866934,0.04022,0.040000,No
91282CNK3,Note,5-Year,06/25/2025,06/30/2025,06/30/2030,99.981978,0.03879,0.038750,No
91282CNL1,Note,2-Year,06/24/2025,06/30/2025,06/30/2027,99.931283,0.03786,0.037500,No
91282CNB3,Note,4-Year 10-Month,06/17/2025,06/30/2025,04/15/2030,100.646739,0.01650,0.016250,Yes
912810UL0,Bond,19-Year 11-Month,06/16/2025,06/30/2025,05/15/2045,100.717496,0.04942,0.050000,No
912810UK2,Bond,29-Year 11-Month,06/12/2025,06/16/2025,05/15/2055,98.514927,0.04844,0.047500,No
91282CNC1,Note,9-Year 11-Month,06/11/2025,06/16/2025,05/15/2035,98.632744,0.04421,0.042500,No
91282CNH0,Note,3-Year,06/10/2025,06/16/2025,06/15/2028,99.728229,0.03972,0.038750,No
91282CNF4,Note,7-Year,05/29/2025,06/02/2025,05/31/2032,99.584990,0.04194,0.041250,No
91282CNG2,Note,5-Year,05/28/2025,06/02/2025,05/31/2030,99.681589,0.04071,0.040000,No
91282CNE7,Note,2-Year,05/27/2025,06/02/2025,05/31/2027,99.847598,0.03955,0.038750,No
91282CML2,Note,9-Year 8-Month,05/22/2025,05/30/2025,01/15/2035,100.487511,0.02220,0.021250,Yes
912810UL0,Bond,20-Year,05/21/2025,06/02/2025,05/15/2045,99.407798,0.05047,0.050000,No
912810UK2,Bond,30-Year,05/08/2025,05/15/2025,05/15/2055,98.911312,0.04819,0.047500,No
91282CNC1,Note,10-Year,05/06/2025,05/15/2025,05/15/2035,99.260100,0.04342,0.042500,No
91282CND9,Note,3-Year,05/05/2025,05/15/2025,05/15/2028,99.792130,0.03824,0.037500,No
91282CNA5,Note,7-Year,04/24/2025,04/30/2025,04/30/2032,99.258678,0.04123,0.040000,No
91282CMZ1,Note,5-Year,04/23/2025,04/30/2025,04/30/2030,99.460974,0.03995,0.038750,No
91282CMY4,Note,2-Year,04/22/2025,04/30/2025,04/30/2027,99.914113,0.03795,0.037500,No
91282CNB3,Note,5-Year,04/17/2025,04/30/2025,04/15/2030,99.855973,0.01702,0.016250,Yes
912810UJ5,Bond,19-Year 10-Month,04/16/2025,04/30/2025,02/15/2045,99.225787,0.04810,0.047500,No
912810UG1,Bond,29-Year 10-Month,04/10/2025,04/15/2025,02/15/2055,97.026877,0.04813,0.046250,No
91282CMM0,Note,9-Year 10-Month,04/09/2025,04/15/2025,02/15/2035,101.490492,0.04435,0.046250,No
91282CMW8,Note,3-Year,04/08/2025,04/15/2025,04/15/2028,99.904428,0.03784,0.037500,No
91282CMT5,Note,7-Year,03/27/2025,03/31/2025,03/31/2032,99.351591,0.04233,0.041250,No
91282CMU2,Note,5-Year,03/26/2025,03/31/2025,03/31/2030,99.552043,0.04100,0.040000,No
91282CMV0,Note,2-Year,03/25/2025,03/31/2025,03/31/2027,99.792438,0.03984,0.038750,No
91282CML2,Note,9-Year 10-Month,03/20/2025,03/31/2025,01/15/2035,102.334952,0.01935,0.021250,Yes
912810UJ5,Bond,19-Year 11-Month,03/18/2025,03/31/2025,02/15/2045,101.512446,0.04632,0.047500,No
912810UG1,Bond,29-Year 11-Month,03/13/2025,03/17/2025,02/15/2055,100.024989,0.04623,0.046250,No
91282CMM0,Note,9-Year 11-Month,03/12/2025,03/17/2025,02/15/2035,102.513731,0.04310,0.046250,No
91282CMS7,Note,3-Year,03/11/2025,03/17/2025,03/15/2028,99.907190,0.03908,0.038750,No
91282CMR9,Note,7-Year,02/26/2025,02/28/2025,02/29/2032,99.585172,0.04194,0.041250,No
91282CGQ8,Note,5-Year,02/25/2025,02/28/2025,02/28/2030,99.449344,0.04123,0.040000,No
91282CMP3,Note,2-Year,02/24/2025,02/28/2025,02/28/2027,99.916401,0.04169,0.041250,No
912810UH9,Bond,30-Year,02/20/2025,02/28/2025,02/15/2055,99.419338,0.02403,0.023750,Yes
912810UJ5,Bond,20-Year,02/19/2025,02/28/2025,02/15/2045,98.978703,0.04830,0.047500,No
912810UG1,Bond,30-Year,02/13/2025,02/18/2025,02/15/2055,98.042695,0.04748,0.046250,No
91282CMM0,Note,10-Year,02/12/2025,02/18/2025,02/15/2035,99.943660,0.04632,0.046250,No
91282CMN8,Note,3-Year,02/11/2025,02/18/2025,02/15/2028,99.860298,0.04300,0.042500,No
91282CMK4,Note,7-Year,01/28/2025,01/31/2025,01/31/2032,99.511534,0.04457,0.043750,No
91282CMH1,Note,2-Year,01/27/2025,01/31/2025,01/31/2027,99.836686,0.04211,0.041250,No
91282CMG3,Note,5-Year,01/27/2025,01/31/2025,01/31/2030,99.643779,0.04330,0.042500,No
91282CML2,Note,10-Year,01/23/2025,01/31/2025,01/15/2035,98.923699,0.02243,0.021250,Yes
912810UF3,Bond,19-Year 10-Month,01/22/2025,01/31/2025,11/15/2044,96.527371,0.04900,0.046250,No
912810UE6,Bond,29-Year 10-Month,01/08/2025,01/15/2025,11/15/2054,93.557438,0.04913,0.045000,No
91282CLW9,Note,9-Year 10-Month,01/07/2025,01/15/2025,11/15/2034,96.631098,0.04680,0.042500,No
91282CMF5,Note,3-Year,01/06/2025,01/15/2025,01/15/2028,99.771622,0.04332,0.042500,No
91282CMC2,Note,7-Year,12/26/2024,12/31/2024,12/31/2031,99.809877,0.04532,0.045000,No
91282CMD0,Note,5-Year,12/24/2024,12/31/2024,12/31/2029,99.543129,0.04478,0.043750,No
91282CME8,Note,2-Year,12/23/2024,12/31/2024,12/31/2026,99.838827,0.04335,0.042500,No
91282CLV1,Note,4-Year 10-Month,12/19/2024,12/31/2024,10/15/2029,98.060344,0.02121,0.016250,Yes
912810UF3,Bond,19-Year 11-Month,12/17/2024,12/31/2024,11/15/2044,99.206641,0.04686,0.046250,No
912810UE6,Bond,29-Year 11-Month,12/12/2024,12/16/2024,11/15/2054,99.422900,0.04535,0.045000,No
91282CLW9,Note,9-Year 11-Month,12/11/2024,12/16/2024,11/15/2034,100.114150,0.04235,0.042500,No
91282CMB4,Note,3-Year,12/10/2024,12/16/2024,12/15/2027,99.673021,0.04117,0.040000,No
91282CLZ2,Note,7-Year,11/27/2024,12/02/2024,11/30/2031,99.650943,0.04183,0.041250,No
91282CMA6,Note,5-Year,11/26/2024,12/02/2024,11/30/2029,99.678141,0.04197,0.041250,No
91282CLY5,Note,2-Year,11/25/2024,12/02/2024,11/30/2026,99.954094,0.04274,0.042500,No
91282CLE9,Note,9-Year 8-Month,11/21/2024,11/29/2024,07/15/2034,98.760160,0.02071,0.018750,Yes
912810UF3,Bond,20-Year,11/20/2024,12/02/2024,11/15/2044,99.287188,0.04680,0.046250,No
912810UE6,Bond,30-Year,11/06/2024,11/15/2024,11/15/2054,98.253773,0.04608,0.045000,No
91282CLW9,Note,10-Year,11/05/2024,11/15/2024,11/15/2034,99.220075,0.04347,0.042500,No
91282CLX7,Note,3-Year,11/04/2024,11/15/2024,11/15/2027,99.924574,0.04152,0.041250,No
91282CLU3,Note,7-Year,10/29/2024,10/31/2024,10/31/2031,99.459318,0.04215,0.041250,No
91282CLS8,Note,2-Year,10/28/2024,10/31/2024,10/31/2026,99.990496,0.04130,0.041250,No
91282CLR0,Note,5-Year,10/28/2024,10/31/2024,10/31/2029,99.941823,0.04138,0.041250,No
91282CLV1,Note,5-Year,10/24/2024,10/31/2024,10/15/2029,99.828173,0.01670,0.016250,Yes
912810UD8,Bond,19-Year 10-Month,10/23/2024,10/31/2024,08/15/2044,93.984213,0.04590,0.041250,No
912810UC0,Bond,29-Year 10-Month,10/10/2024,10/15/2024,08/15/2054,97.689969,0.04389,0.042500,No
91282CLF6,Note,9-Year 10-Month,10/09/2024,10/15/2024,08/15/2034,98.455673,0.04066,0.038750,No
91282CLQ2,Note,3-Year,10/08/2024,10/15/2024,10/15/2027,99.991581,0.03878,0.038750,No
91282CLM1,Note,7-Year,09/26/2024,09/30/2024,09/30/2031,99.736649,0.03668,0.036250,No
91282CLN9,Note,5-Year,09/25/2024,09/30/2024,09/30/2029,99.913582,0.03519,0.035000,No
91282CLP4,Note,2-Year,09/24/2024,09/30/2024,09/30/2026,99.961700,0.03520,0.035000,No
91282CLE9,Note,9-Year 10-Month,09/19/2024,09/30/2024,07/15/2034,102.797615,0.01592,0.018750,Yes
912810UD8,Bond,19-Year 11-Month,09/17/2024,09/30/2024,08/15/2044,101.159820,0.04039,0.041250,No
912810UC0,Bond,29-Year 11-Month,09/12/2024,09/16/2024,08/15/2054,104.064869,0.04015,0.042500,No
91282CLF6,Note,9-Year 11-Month,09/11/2024,09/16/2024,08/15/2034,101.869250,0.03648,0.038750,No
91282CLL3,Note,3-Year,09/10/2024,09/16/2024,09/15/2027,99.816223,0.03440,0.033750,No
91282CLJ8,Note,7-Year,08/29/2024,09/03/2024,08/31/2031,99.877512,0.03770,0.037500,No
91282CLK5,Note,5-Year,08/28/2024,09/03/2024,08/31/2029,99.908942,0.03645,0.036250,No
91282CLH2,Note,2-Year,08/27/2024,09/03/2024,08/31/2026,99.763913,0.03874,0.037500,No
912810TY4,Bond,29-Year 6-Month,08/22/2024,08/30/2024,02/15/2054,103.943845,0.02055,0.021250,Yes
912810UD8,Bond,20-Year,08/21/2024,09/03/2024,08/15/2044,99.524806,0.04160,0.041250,No
912810UC0,Bond,30-Year,08/08/2024,08/15/2024,08/15/2054,98.928757,0.04314,0.042500,No
91282CLF6,Note,10-Year,08/07/2024,08/15/2024,08/15/2034,99.303721,0.03960,0.038750,No
91282CLG4,Note,3-Year,08/06/2024,08/15/2024,08/15/2027,99.831417,0.03810,0.037500,No
91282CLD1,Note,7-Year,07/25/2024,07/31/2024,07/31/2031,99.777306,0.04162,0.041250,No
91282CLC3,Note,5-Year,07/24/2024,07/31/2024,07/31/2029,99.458270,0.04121,0.040000,No
91282CLB5,Note,2-Year,07/23/2024,07/31/2024,07/31/2026,99.888261,0.04434,0.043750,No
91282CLE9,Note,10-Year,07/18/2024,07/31/2024,07/15/2034,100.012919,0.01883,0.018750,Yes
912810UB2,Bond,19-Year 10-Month,07/17/2024,07/31/2024,05/15/2044,102.062500,0.04466,0.046250,No
912810UA4,Bond,29-Year 10-Month,07/11/2024,07/15/2024,05/15/2054,103.622071,0.04405,0.046250,No
91282CKQ3,Note,9-Year 10-Month,07/10/2024,07/15/2024,05/15/2034,100.777903,0.04276,0.043750,No
91282CKZ3,Note,3-Year,07/09/2024,07/15/2024,07/15/2027,99.933233,0.04399,0.043750,No
91282CKW0,Note,7-Year,06/27/2024,07/01/2024,06/30/2031,99.843947,0.04276,0.042500,No
91282CKX8,Note,5-Year,06/26/2024,07/01/2024,06/30/2029,99.639266,0.04331,0.042500,No
91282CKY6,Note,2-Year,06/25/2024,07/01/2024,06/30/2026,99.847007,0.04706,0.046250,No
91282CKL4,Note,4-Year 10-Month,06/20/2024,06/28/2024,04/15/2029,101.674989,0.02050,0.021250,Yes
912810UB2,Bond,19-Year 11-Month,06/18/2024,07/01/2024,05/15/2044,102.256474,0.04452,0.046250,No
912810UA4,Bond,29-Year 11-Month,06/13/2024,06/17/2024,05/15/2054,103.664251,0.04403,0.046250,No
91282CKQ3,Note,9-Year 11-Month,06/11/2024,06/17/2024,05/15/2034,99.492212,0.04438,0.043750,No
91282CKV2,Note,3-Year,06/10/2024,06/17/2024,06/15/2027,99.905415,0.04659,0.046250,No
91282CKU4,Note,7-Year,05/29/2024,05/31/2024,05/31/2031,99.852076,0.04650,0.046250,No
91282CKS9,Note,2-Year,05/28/2024,05/31/2024,05/31/2026,99.920920,0.04917,0.048750,No
91282CKT7,Note,5-Year,05/28/2024,05/31/2024,05/31/2029,99.765369,0.04553,0.045000,No
91282CJY8,Note,9-Year 8-Month,05/23/2024,05/31/2024,01/15/2034,97.775994,0.02184,0.017500,Yes
912810UB2,Bond,20-Year,05/22/2024,05/31/2024,05/15/2044,99.866542,0.04635,0.046250,No
912810UA4,Bond,30-Year,05/09/2024,05/15/2024,05/15/2054,99.838820,0.04635,0.046250,No
91282CKQ3,Note,10-Year,05/08/2024,05/15/2024,05/15/2034,99.137260,0.04483,0.043750,No
91282CKR1,Note,3-Year,05/07/2024,05/15/2024,05/15/2027,99.708904,0.04605,0.045000,No
91282CKN0,Note,7-Year,04/25/2024,04/30/2024,04/30/2031,99.462794,0.04716,0.046250,No
91282CKP5,Note,5-Year,04/24/2024,04/30/2024,04/30/2029,99.849895,0.04659,0.046250,No
91282CKK6,Note,2-Year,04/23/2024,04/30/2024,04/30/2026,99.956684,0.04898,0.048750,No
91282CKL4,Note,5-Year,04/18/2024,04/30/2024,04/15/2029,99.760176,0.02242,0.021250,Yes
912810TZ1,Bond,19-Year 10-Month,04/17/2024,04/30/2024,02/15/2044,95.958772,0.04818,0.045000,No
912810TX6,Bond,29-Year 10-Month,04/11/2024,04/15/2024,02/15/2054,93.249005,0.04671,0.042500,No
91282CJZ5,Note,9-Year 10-Month,04/10/2024,04/15/2024,02/15/2034,95.590932,0.04560,0.040000,No
91282CKJ9,Note,3-Year,04/09/2024,04/15/2024,04/15/2027,99.866800,0.04548,0.045000,No
91282CKF7,Note,7-Year,03/27/2024,04/01/2024,03/31/2031,99.639057,0.04185,0.041250,No
91282CKG5,Note,5-Year,03/26/2024,04/01/2024,03/31/2029,99.508988,0.04235,0.041250,No
91282CKH3,Note,2-Year,03/25/2024,04/01/2024,03/31/2026,99.820388,0.04595,0.045000,No
91282CJY8,Note,9-Year 10-Month,03/21/2024,03/28/2024,01/15/2034,98.639866,0.01932,0.017500,Yes
912810TZ1,Bond,19-Year 11-Month,03/19/2024,04/01/2024,02/15/2044,99.444553,0.04542,0.045000,No
912810TX6,Bond,29-Year 11-Month,03/13/2024,03/15/2024,02/15/2054,98.642640,0.04331,0.042500,No
91282CJZ5,Note,9-Year 11-Month,03/12/2024,03/15/2024,02/15/2034,98.656761,0.04166,0.040000,No
91282CKE0,Note,3-Year,03/11/2024,03/15/2024,03/15/2027,99.983268,0.04256,0.042500,No
91282CKC4,Note,7-Year,02/27/2024,02/29/2024,02/28/2031,99.539228,0.04327,0.042500,No
91282CKB6,Note,2-Year,02/26/2024,02/29/2024,02/28/2026,99.875391,0.04691,0.046250,No
91282CKD2,Note,5-Year,02/26/2024,02/29/2024,02/28/2029,99.688225,0.04320,0.042500,No
912810TY4,Bond,30-Year,02/22/2024,02/29/2024,02/15/2054,98.312710,0.02200,0.021250,Yes
912810TZ1,Bond,20-Year,02/21/2024,02/29/2024,02/15/2044,98.763752,0.04595,0.045000,No
912810TX6,Bond,30-Year,02/08/2024,02/15/2024,02/15/2054,98.168819,0.04360,0.042500,No
91282CJZ5,Note,10-Year,02/07/2024,02/15/2024,02/15/2034,99.243059,0.04093,0.040000,No
91282CKA8,Note,3-Year,02/06/2024,02/15/2024,02/15/2027,99.877119,0.04169,0.041250,No
91282CJX0,Note,7-Year,01/25/2024,01/31/2024,01/31/2031,99.342733,0.04109,0.040000,No
91282CJW2,Note,5-Year,01/24/2024,01/31/2024,01/31/2029,99.753334,0.04055,0.040000,No
91282CJV4,Note,2-Year,01/23/2024,01/31/2024,01/31/2026,99.782022,0.04365,0.042500,No
91282CJY8,Note,10-Year,01/18/2024,01/31/2024,01/15/2034,99.351542,0.01810,0.017500,Yes
912810TW8,Bond,19-Year 10-Month,01/17/2024,01/31/2024,11/15/2043,104.269985,0.04423,0.047500,No
912810TV0,Bond,29-Year 10-Month,01/11/2024,01/16/2024,11/15/2053,108.773246,0.04229,0.047500,No
91282CJJ1,Note,9-Year 10-Month,01/10/2024,01/16/2024,11/15/2033,103.823381,0.04024,0.045000,No
91282CJT9,Note,3-Year,01/09/2024,01/16/2024,01/15/2027,99.706476,0.04105,0.040000,No
91282CJQ5,Note,7-Year,12/28/2023,01/02/2024,12/31/2030,99.336988,0.03859,0.037500,No
91282CJR3,Note,5-Year,12/27/2023,01/02/2024,12/31/2028,99.769595,0.03801,0.037500,No
91282CJS1,Note,2-Year,12/26/2023,01/02/2024,12/31/2025,99.878444,0.04314,0.042500,No
91282CJH5,Note,4-Year 10-Month,12/21/2023,12/29/2023,10/15/2028,103.513682,0.01710,0.023750,Yes
912810TW8,Bond,19-Year 11-Month,12/20/2023,01/02/2024,11/15/2043,107.169753,0.04213,0.047500,No
912810TV0,Bond,29-Year 11-Month,12/12/2023,12/15/2023,11/15/2053,106.755520,0.04344,0.047500,No
91282CJP7,Note,3-Year,12/11/2023,12/15/2023,12/15/2026,99.680564,0.04490,0.043750,No
91282CJJ1,Note,9-Year 11-Month,12/11/2023,12/15/2023,11/15/2033,101.626935,0.04296,0.045000,No
91282CJM4,Note,7-Year,11/28/2023,11/30/2023,11/30/2030,99.856744,0.04399,0.043750,No
91282CJL6,Note,2-Year,11/27/2023,11/30/2023,11/30/2025,99.977397,0.04887,0.048750,No
91282CJN2,Note,5-Year,11/27/2023,11/30/2023,11/30/2028,99.800095,0.04420,0.043750,No
91282CHP9,Note,9-Year 8-Month,11/21/2023,11/30/2023,07/15/2033,94.285157,0.02180,0.013750,Yes
912810TW8,Bond,20-Year,11/20/2023,11/30/2023,11/15/2043,99.612655,0.04780,0.047500,No
912810TV0,Bond,30-Year,11/09/2023,11/15/2023,11/15/2053,99.698482,0.04769,0.047500,No
91282CJJ1,Note,10-Year,11/08/2023,11/15/2023,11/15/2033,99.848482,0.04519,0.045000,No
91282CJK8,Note,3-Year,11/07/2023,11/15/2023,11/15/2026,99.789641,0.04701,0.046250,No
91282CJG7,Note,7-Year,10/26/2023,10/31/2023,10/31/2030,99.806484,0.04908,0.048750,No
91282CJF9,Note,5-Year,10/25/2023,10/31/2023,10/31/2028,99.894701,0.04899,0.048750,No
91282CJE2,Note,2-Year,10/24/2023,10/31/2023,10/31/2025,99.896614,0.05055,0.050000,No
91282CJH5,Note,5-Year,10/19/2023,10/31/2023,10/15/2028,99.921449,0.02440,0.023750,Yes
912810TU2,Bond,19-Year 10-Month,10/18/2023,10/31/2023,08/15/2043,89.352074,0.05245,0.043750,No
912810TT5,Bond,29-Year 10-Month,10/12/2023,10/16/2023,08/15/2053,88.806438,0.04837,0.041250,No
91282CHT1,Note,9-Year 10-Month,10/11/2023,10/16/2023,08/15/2033,94.231522,0.04610,0.038750,No
91282CJC6,Note,3-Year,10/10/2023,10/16/2023,10/15/2026,99.681877,0.04740,0.046250,No
91282CHZ7,Note,7-Year,09/28/2023,10/02/2023,09/30/2030,99.715829,0.04673,0.046250,No
91282CJA0,Note,5-Year,09/27/2023,10/02/2023,09/30/2028,99.849471,0.04659,0.046250,No
91282CJB8,Note,2-Year,09/26/2023,10/02/2023,09/30/2025,99.840020,0.05085,0.050000,No
91282CHP9,Note,9-Year 10-Month,09/21/2023,09/29/2023,07/15/2033,94.260749,0.02094,0.013750,Yes
912810TU2,Bond,19-Year 11-Month,09/19/2023,10/02/2023,08/15/2043,97.182044,0.04592,0.043750,No
912810TT5,Bond,29-Year 11-Month,09/13/2023,09/15/2023,08/15/2053,96.329971,0.04345,0.041250,No
91282CHT1,Note,9-Year 11-Month,09/12/2023,09/15/2023,08/15/2033,96.678677,0.04289,0.038750,No
91282CHY0,Note,3-Year,09/11/2023,09/15/2023,09/15/2026,99.903057,0.04660,0.046250,No
91282CHW4,Note,7-Year,08/29/2023,08/31/2023,08/31/2030,99.477286,0.04212,0.041250,No
91282CHV6,Note,2-Year,08/28/2023,08/31/2023,08/31/2025,99.954869,0.05024,0.050000,No
91282CHX2,Note,5-Year,08/28/2023,08/31/2023,08/31/2028,99.888884,0.04400,0.043750,No
912810TP3,Bond,29-Year 6-Month,08/24/2023,08/31/2023,02/15/2053,91.890055,0.01970,0.015000,Yes
912810TU2,Bond,20-Year,08/23/2023,08/31/2023,08/15/2043,98.374204,0.04499,0.043750,No
912810TT5,Bond,30-Year,08/10/2023,08/15/2023,08/15/2053,98.912672,0.04189,0.041250,No
91282CHT1,Note,10-Year,08/09/2023,08/15/2023,08/15/2033,98.986162,0.03999,0.038750,No
91282CHU8,Note,3-Year,08/08/2023,08/15/2023,08/15/2026,99.936014,0.04398,0.043750,No
91282CHR5,Note,7-Year,07/27/2023,07/31/2023,07/31/2030,99.474987,0.04087,0.040000,No
91282CHQ7,Note,5-Year,07/25/2023,07/31/2023,07/31/2028,99.798788,0.04170,0.041250,No
91282CHN4,Note,2-Year,07/24/2023,07/31/2023,07/31/2025,99.862395,0.04823,0.047500,No
91282CHP9,Note,10-Year,07/20/2023,07/31/2023,07/15/2033,99.021857,0.01495,0.013750,Yes
912810TS7,Bond,19-Year 10-Month,07/19/2023,07/31/2023,05/15/2043,97.810388,0.04036,0.038750,No
912810TR9,Bond,29-Year 10-Month,07/13/2023,07/17/2023,05/15/2053,94.999360,0.03910,0.036250,No
91282CHC8,Note,9-Year 10-Month,07/12/2023,07/17/2023,05/15/2033,96.080353,0.03857,0.033750,No
91282CHM6,Note,3-Year,07/11/2023,07/17/2023,07/15/2026,99.905249,0.04534,0.045000,No
91282CHJ3,Note,7-Year,06/28/2023,06/30/2023,06/30/2030,99.458207,0.03839,0.037500,No
91282CHK0,Note,5-Year,06/27/2023,06/30/2023,06/30/2028,99.914708,0.04019,0.040000,No
91282CHL8,Note,2-Year,06/26/2023,06/30/2023,06/30/2025,99.915018,0.04670,0.046250,No
91282CGW5,Note,4-Year 10-Month,06/22/2023,06/30/2023,04/15/2028,98.430918,0.01832,0.012500,Yes
912810TS7,Bond,19-Year 11-Month,06/21/2023,06/30/2023,05/15/2043,98.155462,0.04010,0.038750,No
912810TR9,Bond,29-Year 11-Month,06/13/2023,06/15/2023,05/15/2053,95.028556,0.03908,0.036250,No
91282CHH7,Note,3-Year,06/12/2023,06/15/2023,06/15/2026,99.785078,0.04202,0.041250,No
91282CHC8,Note,9-Year 11-Month,06/12/2023,06/15/2023,05/15/2033,96.583639,0.03791,0.033750,No
91282CHF1,Note,7-Year,05/25/2023,05/31/2023,05/31/2030,99.531059,0.03827,0.037500,No
91282CHE4,Note,5-Year,05/24/2023,05/31/2023,05/31/2028,99.439405,0.03749,0.036250,No
91282CHD6,Note,2-Year,05/23/2023,05/31/2023,05/31/2025,99.905152,0.04300,0.042500,No
91282CGK1,Note,9-Year 8-Month,05/18/2023,05/31/2023,01/15/2033,98.862426,0.01395,0.011250,Yes
912810TS7,Bond,20-Year,05/17/2023,05/31/2023,05/15/2043,98.913642,0.03954,0.038750,No
912810TR9,Bond,30-Year,05/11/2023,05/15/2023,05/15/2053,97.919140,0.03741,0.036250,No
91282CHC8,Note,10-Year,05/10/2023,05/15/2023,05/15/2033,99.386966,0.03448,0.033750,No
91282CHB0,Note,3-Year,05/09/2023,05/15/2023,05/15/2026,99.802937,0.03695,0.036250,No
91282CGZ8,Note,7-Year,04/27/2023,05/01/2023,04/30/2030,99.612688,0.03563,0.035000,No
91282CHA2,Note,5-Year,04/26/2023,05/01/2023,04/30/2028,99.999837,0.03500,0.035000,No
91282CGX3,Note,2-Year,04/25/2023,05/01/2023,04/30/2025,99.820997,0.03969,0.038750,No
91282CGW5,Note,5-Year,04/20/2023,04/28/2023,04/15/2028,99.904611,0.01320,0.012500,Yes
912810TQ1,Bond,19-Year 10-Month,04/19/2023,05/01/2023,02/15/2043,99.375292,0.03920,0.038750,No
912810TN8,Bond,29-Year 10-Month,04/13/2023,04/17/2023,02/15/2053,99.342510,0.03661,0.036250,No
91282CGM7,Note,9-Year 10-Month,04/12/2023,04/17/2023,02/15/2033,100.365768,0.03455,0.035000,No
91282CGV7,Note,3-Year,04/11/2023,04/17/2023,04/15/2026,99.831325,0.03810,0.037500,No
91282CGS4,Note,7-Year,03/29/2023,03/31/2023,03/31/2030,99.993866,0.03626,0.036250,No
91282CGT2,Note,5-Year,03/28/2023,03/31/2023,03/31/2028,99.818764,0.03665,0.036250,No
91282CGU9,Note,2-Year,03/27/2023,03/31/2023,03/31/2025,99.849511,0.03954,0.038750,No
91282CGK1,Note,9-Year 10-Month,03/23/2023,03/31/2023,01/15/2033,99.880392,0.01182,0.011250,Yes
912810TQ1,Bond,19-Year 11-Month,03/21/2023,03/31/2023,02/15/2043,99.526236,0.03909,0.038750,No
912810TN8,Bond,29-Year 11-Month,03/09/2023,03/15/2023,02/15/2053,95.555716,0.03877,0.036250,No
91282CGM7,Note,9-Year 11-Month,03/08/2023,03/15/2023,02/15/2033,96.052286,0.03985,0.035000,No
91282CGR6,Note,3-Year,03/07/2023,03/15/2023,03/15/2026,99.972290,0.04635,0.046250,No
91282CGQ8,Note,7-Year,02/23/2023,02/28/2023,02/28/2030,99.625524,0.04062,0.040000,No
91282CGP0,Note,5-Year,02/22/2023,02/28/2023,02/29/2028,99.511842,0.04109,0.040000,No
91282CGN5,Note,2-Year,02/21/2023,02/28/2023,02/28/2025,99.909356,0.04673,0.046250,No
912810TP3,Bond,30-Year,02/16/2023,02/28/2023,02/15/2053,98.663518,0.01550,0.015000,Yes
912810TQ1,Bond,20-Year,02/15/2023,02/28/2023,02/15/2043,98.601167,0.03977,0.038750,No
912810TN8,Bond,30-Year,02/09/2023,02/15/2023,02/15/2053,98.898317,0.03686,0.036250,No
91282CGM7,Note,10-Year,02/08/2023,02/15/2023,02/15/2033,99.058658,0.03613,0.035000,No
91282CGL9,Note,3-Year,02/07/2023,02/15/2023,02/15/2026,99.795799,0.04073,0.040000,No
91282CGJ4,Note,7-Year,01/26/2023,01/31/2023,01/31/2030,99.895326,0.03517,0.035000,No
91282CGH8,Note,5-Year,01/25/2023,01/31/2023,01/31/2028,99.863589,0.03530,0.035000,No
91282CGG0,Note,2-Year,01/24/2023,01/31/2023,01/31/2025,99.973391,0.04139,0.041250,No
91282CGK1,Note,10-Year,01/19/2023,01/31/2023,01/15/2033,99.060103,0.01220,0.011250,Yes
912810TM0,Bond,19-Year 10-Month,01/18/2023,01/31/2023,11/15/2042,104.489600,0.03678,0.040000,No
912810TL2,Bond,29-Year 10-Month,01/12/2023,01/17/2023,11/15/2052,107.556697,0.03585,0.040000,No
91282CFV8,Note,9-Year 10-Month,01/11/2023,01/17/2023,11/15/2032,104.515580,0.03575,0.041250,No
91282CGE5,Note,3-Year,01/10/2023,01/17/2023,01/15/2026,99.714294,0.03977,0.038750,No
91282CGB1,Note,7-Year,12/29/2022,01/03/2023,12/31/2029,99.720458,0.03921,0.038750,No
91282CGC9,Note,5-Year,12/28/2022,01/03/2023,12/31/2027,99.559582,0.03973,0.038750,No
91282CGD7,Note,2-Year,12/27/2022,01/03/2023,12/31/2024,99.767054,0.04373,0.042500,No
91282CFR7,Note,4-Year 10-Month,12/22/2022,12/30/2022,10/15/2027,101.135096,0.01504,0.016250,Yes
912810TM0,Bond,19-Year 11-Month,12/21/2022,01/03/2023,11/15/2042,100.882504,0.03935,0.040000,No
912810TL2,Bond,29-Year 11-Month,12/13/2022,12/15/2022,11/15/2052,108.967370,0.03513,0.040000,No
91282CGA3,Note,3-Year,12/12/2022,12/15/2022,12/15/2025,99.739942,0.04093,0.040000,No
91282CFV8,Note,9-Year 11-Month,12/12/2022,12/15/2022,11/15/2032,104.129208,0.03625,0.041250,No
91282CFY2,Note,7-Year,11/22/2022,11/30/2022,11/30/2029,99.908851,0.03890,0.038750,No
91282CFX4,Note,2-Year,11/21/2022,11/30/2022,11/30/2024,99.990539,0.04505,0.045000,No
91282CFZ9,Note,5-Year,11/21/2022,11/30/2022,11/30/2027,99.555059,0.03974,0.038750,No
91282CEZ0,Note,9-Year 8-Month,11/17/2022,11/30/2022,07/15/2032,94.294626,0.01485,0.006250,Yes
912810TM0,Bond,20-Year,11/16/2022,11/30/2022,11/15/2042,99.019661,0.04072,0.040000,No
912810TL2,Bond,30-Year,11/10/2022,11/15/2022,11/15/2052,98.622933,0.04080,0.040000,No
91282CFV8,Note,10-Year,11/09/2022,11/15/2022,11/15/2032,99.878189,0.04140,0.041250,No
91282CFW6,Note,3-Year,11/08/2022,11/15/2022,11/15/2025,99.708904,0.04605,0.045000,No
91282CFT3,Note,7-Year,10/27/2022,10/31/2022,10/31/2029,99.836721,0.04027,0.040000,No
91282CFU0,Note,5-Year,10/26/2022,10/31/2022,10/31/2027,99.700589,0.04192,0.041250,No
91282CFQ9,Note,2-Year,10/25/2022,10/31/2022,10/31/2024,99.839071,0.04460,0.043750,No
91282CFR7,Note,5-Year,10/20/2022,10/31/2022,10/15/2027,99.475435,0.01732,0.016250,Yes
912810TK4,Bond,19-Year 10-Month,10/19/2022,10/31/2022,08/15/2042,86.599384,0.04395,0.033750,No
912810TJ7,Bond,29-Year 10-Month,10/13/2022,10/17/2022,08/15/2052,83.740689,0.03930,0.030000,No
91282CFF3,Note,9-Year 10-Month,10/12/2022,10/17/2022,08/15/2032,90.449122,0.03930,0.027500,No
91282CFP1,Note,3-Year,10/11/2022,10/17/2022,10/15/2025,99.810402,0.04318,0.042500,No
