x1,x2
1.9520,-2.0542
-0.0212,0.3619
0.2957,0.6605
-1.9500,0.2658
-1.8287,0.6736
-0.2011,-0.0208
0.1990,0.5272
0.4373,-0.7327
-0.2768,-0.2107
-0.5276,-0.4927
1.4134,0.2414
-0.5689,0.1807
-0.8094,0.1831
-1.3094,1.1192
2.2631,-2.2670
0.2669,-0.3411
0.7728,-0.2609
0.9457,0.1006
-1.5270,0.7682
-0.9763,0.1287
0.4284,0.9295
0.2468,-0.9119
-0.7447,0.6451
-1.8373,0.9105
-0.6577,0.4214
2.0930,-1.9659
-0.8260,0.9411
-0.1321,1.1583
-0.6349,0.0513
0.6370,-0.5116
-1.6280,1.5858
-1.6289,1.3731
0.7085,-1.1998
-0.4090,-0.8854
0.4123,0.2011
0.4739,1.4919
-1.2800,-0.0362
-1.5415,1.1338
-1.1628,-0.7941
-0.0503,1.1332
-0.8760,1.4524
-0.0562,0.3355
-0.7477,-1.2363
-0.6102,1.9426
-1.3137,1.1288
0.3215,1.0669
1.2738,0.2920
-0.4087,-1.1546
2.2839,-0.9501
0.6490,-1.5889
0.2313,-0.2332
0.6223,-1.5067
-0.4278,-0.8304
0.1284,0.5119
-0.4313,0.5813
-0.0323,0.2602
-0.4082,0.3427
2.2449,-2.7901
0.5290,0.3835
0.1925,0.0932
-0.4670,1.0889
1.4726,-0.9832
0.7716,-0.3991
0.6336,-2.1666
-0.0117,0.0935
-2.1313,2.3749
0.5274,-0.6088
-0.1010,-0.7758
-1.0480,1.5599
-0.8049,0.9716
-0.7430,-0.0800
0.4881,0.0294
-0.6180,0.2216
-0.7036,-0.6332
0.7515,-0.6079
1.5882,-1.1699
-0.1605,1.8138
-1.5372,-0.1319
0.1900,-0.2289
-0.2968,0.5030
0.6320,-0.0955
-1.1232,0.5110
1.1489,-0.7308
-2.1625,2.0400
-0.8011,-0.8416
0.7668,-2.2547
-0.5471,-0.0949
0.4069,0.5928
1.9303,-1.6868
0.4791,0.5262
-1.3138,-0.7672
-0.3722,-0.2405
0.5271,-0.5853
0.6860,-1.1078
-0.6625,-0.2258
-0.4997,0.3161
1.1148,-0.2794
-0.6454,0.3931
0.4187,-0.3192
1.1957,-0.5084
0.0980,-0.8223
1.3561,-0.2455
-1.7528,1.6384
-1.9899,2.0611
1.6032,-1.8642
-0.0777,1.0657
0.5705,-0.3071
-0.0310,-0.7750
0.4217,-0.5948
0.7840,-0.6350
-0.8829,1.3233
-0.1106,-0.1478
0.0108,0.9677
0.9250,-0.6147
-0.2436,1.2833
-1.0218,0.2814
1.0135,-0.9612
-0.2932,-0.1572
-1.0390,1.2247
-0.2079,0.1852
-0.0774,0.6185
-0.9055,0.4613
0.3856,0.7546
-0.1601,0.7127
-1.8095,1.0474
-0.6412,0.5123
1.1813,-1.2944
-0.1067,0.0500
-0.7952,-0.0367
-0.1562,0.5100
-0.6412,0.5426
0.0896,0.5038
0.3051,-0.1053
-0.0811,0.5080
0.6299,0.1763
0.8390,-0.7070
0.3886,-1.0505
1.6983,-0.5315
-0.2544,1.0229
-0.1726,0.5248
-2.1938,1.5283
0.2155,-0.5060
-0.9461,0.1773
-0.2812,-0.3712
-0.3917,1.0015
-0.1195,0.8038
0.2385,-2.3620
1.3580,-0.1520
-0.3270,-0.5428
0.3507,0.8449
-1.0398,1.6707
1.7121,-0.3941
-0.6238,-0.0702
-1.1919,-0.4042
0.1790,0.1541
-0.3755,1.0176
-0.7076,0.9033
-0.8289,0.7405
-0.0138,-0.4652
-0.5827,-0.2203
-0.4009,0.5122
1.0328,-0.5838
-1.9495,0.1448
-0.4658,-0.1355
0.9294,0.6556
0.3600,0.2217
-0.3795,-0.6166
-1.2420,1.3826
3.4669,-2.8234
1.2385,-0.3222
-0.8058,-0.2322
1.9132,-0.6799
0.5370,0.0288
0.1860,0.8804
-0.4292,0.6876
2.2872,-0.7972
-2.0181,0.4843
-0.3021,0.5793
-0.2036,0.2073
-1.7494,-0.1538
-0.1316,-1.0782
0.3844,0.1559
-0.0743,-0.7783
-0.3368,0.2877
0.6373,-0.4111
-0.9719,0.5801
0.2242,0.1211
-3.2384,2.0913
-0.5994,0.1180
0.2339,-0.1616
0.8872,-0.8340
1.6774,-2.3558
0.1998,1.1148
-1.2776,-0.4443
0.1035,-0.3900
0.5220,-1.3333
0.1763,0.5916
1.0264,-1.6162
1.0620,-1.8723
0.3680,-0.4736
-1.1847,-0.1223
0.4212,-1.4201
-0.2241,1.8519
0.0656,1.0496
0.9767,-0.4065
0.2268,0.1807
-0.1901,-0.4581
-0.4137,0.7470
-2.0384,2.5384
-0.4655,0.4820
-1.3310,1.5974
0.1907,-1.5425
-0.1641,1.0497
-0.0889,-0.0839
1.6931,-0.7483
-0.3907,0.4457
-1.0200,0.3346
-1.5443,0.9283
-1.2720,0.2242
2.4127,0.0520
-0.0639,0.4132
-0.9540,0.7549
-0.5978,-0.0611
0.3744,-0.9451
0.3824,-1.4787
0.7503,1.3953
-0.8175,0.2109
0.0426,-0.4646
0.6923,-0.7378
0.6073,-0.2385
-0.6412,0.4209
-0.2784,-0.3015
0.2683,0.3063
0.7043,0.1203
-0.1021,0.7098
-1.3901,-1.7824
-0.8371,-0.4190
-0.1603,-0.2716
-1.0230,-0.2397
-1.9025,0.6303
0.0278,-0.7704
-0.2766,1.5343
-0.6003,0.1140
-1.6996,3.8520
0.7232,-0.3628
-1.3487,1.5224
0.0595,0.7502
1.0854,-1.6722
-1.0483,1.9592
1.1200,-0.1204
0.2457,0.2414
0.3052,1.4406
0.7476,-0.9231
-1.8272,1.2836
-0.9962,2.5515
0.8343,-1.1150
1.3479,-2.0088
0.9626,-0.9881
-2.3220,1.4367
0.4376,-0.5915
-0.2110,0.6249
-1.0438,1.0649
-0.8061,1.4489
2.1449,-1.4498
0.0719,-0.0858
1.1289,-1.2561
1.1476,-0.6426
1.4623,-0.0061
0.7481,-1.0280
2.9622,-3.0778
-1.2046,0.7546
1.4656,-1.1368
0.5256,-0.8613
-1.5409,0.6094
0.2717,0.2006
-0.7643,1.4113
0.9117,-0.2153
0.0716,-0.7703
-0.7852,1.5348
0.5095,-0.9977
-0.4634,0.1780
2.2037,0.8591
0.7750,0.6399
0.5770,-0.0228
0.8896,-1.0980
1.1174,-0.8810
0.6838,-0.2596
-1.4427,0.8695
-1.6394,1.7743
0.1503,0.6184
0.0411,0.2998
0.1925,-0.5340
-0.3314,-0.3547
1.3894,1.1926
1.3705,-1.5480
0.1811,1.2225
-1.7641,0.9691
1.7822,-1.6848
-1.0304,-0.6492
-0.9526,1.5344
1.5899,-1.7509
0.5759,0.9054
-1.9401,1.6100
-0.4775,-0.2385
-0.6918,1.2720
0.0613,0.1221
-1.5113,1.0566
-1.3312,1.2271
-1.7475,1.0377
0.8419,-1.8875
0.8149,-1.0191
1.2643,-0.8191
-1.1033,-0.5400
0.3093,0.1750
-0.7277,-0.4388
-0.5451,0.2886
0.4180,-0.6760
-0.8019,1.0872
-0.1074,0.4381
-1.9171,1.0620
0.9714,-1.5898
1.1475,0.4963
0.7310,-2.9560
-1.2469,0.3136
-0.3827,2.3208
1.2498,-0.0872
-0.7081,1.4258
-0.4946,1.3576
0.9144,-0.3051
1.2946,-0.7863
0.9872,-1.1728
0.9891,-0.6580
0.6968,0.4762
-0.5986,0.7673
-1.0148,1.0155
-0.5674,-0.3798
-0.7710,-0.0670
-1.2413,1.1288
-0.9455,1.6180
-1.0008,0.3702
0.0445,0.3314
0.0880,0.1033
1.2436,-0.1945
0.8287,-0.6693
1.0423,-0.5412
-0.1666,0.3484
-0.8814,1.8647
0.8114,-0.1513
-1.0622,0.0662
1.0911,-1.0235
-1.5363,0.0047
1.7293,0.1772
-0.8864,0.4983
-1.1865,-0.5530
0.0154,-0.8734
-0.4309,1.5460
-1.4922,-0.3333
0.2911,-0.7420
-0.9350,0.4737
0.4131,-1.2089
-0.9919,1.0128
0.1205,-0.3179
0.6899,-2.0296
0.0333,0.5814
0.3449,-1.4688
-0.5631,-0.0926
-0.3698,0.8566
2.0242,-0.9904
-0.7906,-0.6317
-0.6700,1.0607
0.5228,0.0588
0.5255,0.0864
-0.2080,-1.6160
-1.8290,0.1401
-0.0694,0.9292
0.6731,-0.9069
0.2848,-0.1334
1.6860,-3.2264
-0.7993,-0.1121
1.1676,-0.0983
0.7799,-0.9167
-0.8999,-0.0953
2.4757,-2.8641
0.0965,-0.0651
0.7817,-0.7457
-0.1409,1.7826
-1.0370,-0.0045
-0.3941,0.4273
-1.1058,-0.0174
-0.0249,-0.1104
-2.0322,1.4390
0.8034,0.3037
1.7107,-0.6056
-0.2770,0.1764
-0.6391,-0.5076
0.0033,-1.6183
-1.0075,0.3128
0.2567,0.5500
-1.0597,-1.4490
0.3715,-0.1280
