t,date,g
1,2014-01-06,8.0597
2,2014-01-07,3.0325
3,2014-01-08,0.0
4,2014-01-09,-5.4851
5,2014-01-10,4.8815
6,2014-01-13,-2.4289
7,2014-01-14,10.1651
8,2014-01-15,9.7709
9,2014-01-16,-5.1256
10,2014-01-17,-11.7778
11,2014-01-21,-0.6036
12,2014-01-22,-32.1865
13,2014-01-23,-3.4568
14,2014-01-24,-10.6645
15,2014-01-27,-4.3955
16,2014-01-28,9.4284
17,2014-01-29,-4.3078
18,2014-01-30,0.0
19,2014-01-31,-3.647
20,2014-02-03,-7.4562
21,2014-02-04,3.009
22,2014-02-05,-4.5271
23,2014-02-06,7.5006
24,2014-02-07,4.3955
25,2014-02-10,11.3597
26,2014-02-11,4.8132
27,2014-02-12,-0.682
28,2014-02-13,0.682
29,2014-02-14,-0.682
30,2014-02-18,0.682
31,2014-02-19,1.3585
32,2014-02-20,-2.0405
33,2014-02-21,0.0
34,2014-02-24,1.3622
35,2014-02-25,-1.3622
36,2014-02-26,0.682
37,2014-02-27,0.6802
38,2014-02-28,0.0
39,2014-03-03,-2.7317
40,2014-03-04,2.0516
41,2014-03-05,0.6802
42,2014-03-06,1.3548
43,2014-03-07,14.4415
44,2014-03-10,-9.0938
45,2014-03-11,2.6319
46,2014-03-12,3.897
47,2014-03-13,-3.2433
48,2014-03-14,-0.6537
49,2014-03-17,-3.2942
50,2014-03-18,5.8988
51,2014-03-19,5.7639
52,2014-03-20,4.3936
53,2014-03-21,-0.623
54,2014-03-24,0.623
55,2014-03-25,0.0
56,2014-03-26,0.0
57,2014-03-27,-8.8652
58,2014-03-28,-1.941
59,2014-03-31,8.3049
60,2014-04-01,3.7426
61,2014-04-02,-0.6199
62,2014-04-03,-3.7519
63,2014-04-04,0.6292
64,2014-04-07,-8.3049
65,2014-04-08,7.0449
66,2014-04-09,-0.6324
67,2014-04-10,-8.3686
68,2014-04-11,-13.4432
69,2014-04-14,4.1088
70,2014-04-15,5.3762
71,2014-04-16,-2.0027
72,2014-04-17,-4.7357
73,2014-04-21,27.7771
74,2014-04-22,10.776
75,2014-04-23,-2.9474
76,2014-04-24,1.7726
77,2014-04-25,-13.9195
78,2014-04-28,-5.6632
79,2014-04-29,4.4156
80,2014-04-30,3.7242
81,2014-05-01,6.688
82,2014-05-02,-4.8463
83,2014-05-05,-1.8417
84,2014-05-06,-4.9779
85,2014-05-07,-2.5263
86,2014-05-08,-2.5519
87,2014-05-09,-3.877
88,2014-05-12,6.4289
89,2014-05-13,3.7801
90,2014-05-14,-3.1461
91,2014-05-15,-1.2695
92,2014-05-16,3.7895
93,2014-05-19,4.3503
94,2014-05-20,-2.4767
95,2014-05-21,3.0921
96,2014-05-22,-5.5933
97,2014-05-23,0.6276
98,2014-05-27,1.2506
99,2014-05-28,-2.5075
100,2014-05-29,1.8829
101,2014-05-30,-1.8829
102,2014-06-02,-1.8971
103,2014-06-03,-1.9115
104,2014-06-04,6.3161
105,2014-06-05,2.4828
106,2014-06-06,-1.2383
107,2014-06-09,0.6199
108,2014-06-10,7.9233
109,2014-06-11,5.343
110,2014-06-12,0.0
111,2014-06-13,-0.5881
112,2014-06-16,9.2487
113,2014-06-17,1.697
114,2014-06-18,-3.9775
115,2014-06-19,-2.3014
116,2014-06-20,-15.4942
117,2014-06-23,-5.5933
118,2014-06-24,-4.4379
119,2014-06-25,1.276
120,2014-06-26,4.4156
121,2014-06-27,4.9535
122,2014-06-30,4.858
123,2014-07-01,1.7979
124,2014-07-02,7.0659
125,2014-07-03,-5.8744
126,2014-07-07,1.1859
127,2014-07-08,-2.3774
128,2014-07-09,0.5964
129,2014-07-10,3.5494
130,2014-07-11,4.656
131,2014-07-14,15.1077
132,2014-07-15,-6.0461
133,2014-07-16,7.13
134,2014-07-17,-4.9146
135,2014-07-18,-44.5154
136,2014-07-21,-3.3115
137,2014-07-22,1.3298
138,2014-07-23,-2.6667
139,2014-07-24,-2.0187
140,2014-07-25,2.0187
141,2014-07-28,-2.0187
142,2014-07-29,4.0214
143,2014-07-30,1.9869
144,2014-07-31,5.8683
145,2014-08-01,3.8376
146,2014-08-04,1.8971
147,2014-08-05,4.9903
148,2014-08-06,2.4586
149,2014-08-07,-1.2263
150,2014-08-08,1.2263
151,2014-08-11,1.2203
152,2014-08-12,-3.6789
153,2014-08-13,1.8462
154,2014-08-14,-1.8462
155,2014-08-15,3.0695
156,2014-08-18,4.8347
157,2014-08-19,3.5661
158,2014-08-20,0.5895
159,2014-08-21,-2.3662
160,2014-08-22,0.5936
161,2014-08-25,-4.1851
162,2014-08-26,0.6022
163,2014-08-27,-1.8108
164,2014-08-28,-1.2145
165,2014-08-29,1.8195
166,2014-09-02,-0.605
167,2014-09-03,1.8108
168,2014-09-04,-2.4173
169,2014-09-05,0.0
170,2014-09-08,-1.2174
171,2014-09-09,-3.0695
172,2014-09-10,0.0
173,2014-09-11,0.0
174,2014-09-12,-7.5229
175,2014-09-15,-3.2021
176,2014-09-16,-6.5289
177,2014-09-17,0.6606
178,2014-09-18,3.9274
179,2014-09-19,-4.5879
180,2014-09-22,-3.329
181,2014-09-23,-4.7357
182,2014-09-24,0.682
183,2014-09-25,-4.8132
184,2014-09-26,-2.0913
185,2014-09-29,-3.5245
186,2014-09-30,-10.1393
187,2014-10-01,-4.4735
188,2014-10-02,2.9911
189,2014-10-03,0.7423
190,2014-10-06,-2.9823
191,2014-10-07,-6.0726
192,2014-10-08,0.0
193,2014-10-09,-26.7216
194,2014-10-10,-20.4557
195,2014-10-13,1.8462
196,2014-10-14,-11.2855
197,2014-10-15,-0.9637
198,2014-10-16,2.88
199,2014-10-17,7.5229
200,2014-10-20,-4.6755
201,2014-10-21,9.2657
202,2014-10-22,-12.1132
203,2014-10-23,4.7281
204,2014-10-24,-0.9385
205,2014-10-27,-1.8876
206,2014-10-28,5.6211
207,2014-10-29,4.5903
208,2014-10-30,-1.8261
209,2014-10-31,4.5407
210,2014-11-03,6.2225
211,2014-11-04,-3.5369
212,2014-11-05,-2.6856
213,2014-11-06,-3.626
214,2014-11-07,1.8195
215,2014-11-10,-1.8195
216,2014-11-11,-2.7541
217,2014-11-12,-1.8529
218,2014-11-13,-4.6929
219,2014-11-14,-4.7819
220,2014-11-17,5.7275
221,2014-11-18,-1.8947
222,2014-11-19,-1.9091
223,2014-11-20,5.6845
224,2014-11-21,7.3851
225,2014-11-24,5.4002
226,2014-11-25,0.0
227,2014-11-26,0.8889
228,2014-11-28,-4.4761
229,2014-12-01,-11.0787
230,2014-12-02,0.9421
231,2014-12-03,5.5796
232,2014-12-04,-4.641
233,2014-12-05,-2.8262
234,2014-12-08,-7.6953
235,2014-12-09,0.9749
236,2014-12-10,-10.9366
237,2014-12-11,1.0141
238,2014-12-12,3.018
239,2014-12-15,-5.0503
240,2014-12-16,3.0423
241,2014-12-17,4.9903
242,2014-12-18,0.0
243,2014-12-19,1.9688
244,2014-12-22,8.6739
245,2014-12-23,0.9456
246,2014-12-24,-1.8947
247,2014-12-26,0.0
248,2014-12-29,0.9492
249,2014-12-30,-2.8583
250,2014-12-31,3.8038
251,2015-01-02,1.8806
252,2015-01-05,-2.8262
253,2015-01-06,-2.8583
254,2015-01-07,-4.837
255,2015-01-08,2.9133
256,2015-01-09,1.9237
257,2015-01-12,0.0
258,2015-01-13,2.8583
259,2015-01-14,-2.8583
260,2015-01-15,-10.7667
261,2015-01-16,-13.3473
262,2015-01-20,-16.334
263,2015-01-21,22.5823
264,2015-01-22,2.0488
265,2015-01-23,-2.0488
266,2015-01-26,15.9421
267,2015-01-27,8.5432
268,2015-01-28,-6.6195
269,2015-01-29,-1.9237
270,2015-01-30,-3.892
271,2015-02-02,9.6195
272,2015-02-03,8.3544
273,2015-02-04,8.0863
274,2015-02-05,37.7066
275,2015-02-06,-22.2732
276,2015-02-09,0.8303
277,2015-02-10,0.0
278,2015-02-11,2.4747
279,2015-02-12,4.0712
280,2015-02-13,2.4115
281,2015-02-17,-3.2205
282,2015-02-18,-2.4427
283,2015-02-19,-2.0538
284,2015-02-20,0.4121
285,2015-02-23,0.0
286,2015-02-24,4.0844
287,2015-02-25,-0.8116
288,2015-02-26,-1.6311
289,2015-02-27,2.4427
290,2015-03-02,7.9753
291,2015-03-03,-5.5561
292,2015-03-04,-7.3285
293,2015-03-05,-5.851
294,2015-03-06,-5.1256
295,2015-03-09,0.8615
296,2015-03-10,-0.8615
297,2015-03-11,-7.0005
298,2015-03-12,-7.2005
299,2015-03-13,-0.9147
300,2015-03-16,0.9147
301,2015-03-17,0.9114
302,2015-03-18,-1.8261
303,2015-03-19,-0.918
304,2015-03-20,5.4587
305,2015-03-23,3.5745
306,2015-03-24,-4.4761
307,2015-03-25,-14.8826
308,2015-03-26,1.9091
309,2015-03-27,6.5702
310,2015-03-30,-1.8598
311,2015-03-31,-1.8736
312,2015-04-01,0.9385
313,2015-04-02,0.0
314,2015-04-06,0.9351
315,2015-04-07,0.0
316,2015-04-08,0.9316
317,2015-04-09,0.9282
318,2015-04-10,3.6789
319,2015-04-13,1.8195
320,2015-04-14,-10.1739
321,2015-04-15,2.8157
322,2015-04-16,15.3872
323,2015-04-17,-27.3325
324,2015-04-20,-8.4588
325,2015-04-21,-14.5826
326,2015-04-22,-7.6205
327,2015-04-23,5.4666
328,2015-04-24,-3.2657
329,2015-04-27,4.3449
330,2015-04-28,-3.2517
331,2015-04-29,-3.2942
332,2015-04-30,-2.2203
333,2015-05-01,5.5144
334,2015-05-04,0.0
335,2015-05-05,-3.2942
336,2015-05-06,1.1028
337,2015-05-07,3.2799
338,2015-05-08,-1.0886
339,2015-05-11,1.0886
340,2015-05-12,3.2377
341,2015-05-13,2.1356
342,2015-05-14,-4.2895
343,2015-05-15,-1.0839
344,2015-05-18,3.2377
345,2015-05-19,-7.6205
346,2015-05-20,4.3827
347,2015-05-21,-4.3827
348,2015-05-22,0.0
349,2015-05-26,-6.7204
350,2015-05-27,6.7204
351,2015-05-28,-1.1077
352,2015-05-29,1.1077
353,2015-06-01,-3.3378
354,2015-06-02,5.5387
355,2015-06-03,-2.2009
356,2015-06-04,5.4666
357,2015-06-05,0.0
358,2015-06-08,-2.1724
359,2015-06-09,-2.1913
360,2015-06-10,3.2799
361,2015-06-11,0.0
362,2015-06-12,-1.0886
363,2015-06-15,1.0886
364,2015-06-16,3.2377
365,2015-06-17,12.5503
366,2015-06-18,5.0503
367,2015-06-19,5.9297
368,2015-06-22,3.877
369,2015-06-23,-0.9637
370,2015-06-24,0.9637
371,2015-06-25,-3.877
372,2015-06-26,-10.98
373,2015-06-29,-13.6249
374,2015-06-30,6.3801
375,2015-07-01,2.0913
376,2015-07-02,11.2018
377,2015-07-06,-6.0483
378,2015-07-07,-42.0976
379,2015-07-08,-9.8354
380,2015-07-09,-3.7895
381,2015-07-10,-2.5584
382,2015-07-13,0.0
383,2015-07-14,11.3136
384,2015-07-15,-11.3136
385,2015-07-16,-11.8455
386,2015-07-17,-11.0181
387,2015-07-20,1.4039
388,2015-07-21,0.0
389,2015-07-22,-1.4039
390,2015-07-23,-4.2593
391,2015-07-24,-13.2275
392,2015-07-27,-7.6602
393,2015-07-28,22.3155
394,2015-07-29,25.6952
395,2015-07-30,-3.887
396,2015-07-31,0.0
397,2015-08-03,32.9962
398,2015-08-04,-8.1485
399,2015-08-05,3.5245
400,2015-08-06,-5.9019
401,2015-08-07,-2.4
402,2015-08-10,-20.0703
403,2015-08-11,-3.9479
404,2015-08-12,0.0
405,2015-08-13,-15.0288
406,2015-08-14,6.9426
407,2015-08-17,-5.5387
408,2015-08-18,0.0
409,2015-08-19,0.0
410,2015-08-20,-14.4039
411,2015-08-21,11.5882
412,2015-08-24,-4.2834
413,2015-08-25,-13.3051
414,2015-08-26,8.9477
415,2015-08-27,8.6408
416,2015-08-28,9.7202
417,2015-08-31,-5.5084
418,2015-09-01,-14.322
419,2015-09-02,8.6905
420,2015-09-03,2.8315
421,2015-09-04,4.1885
422,2015-09-08,8.1737
423,2015-09-09,-4.0537
424,2015-09-10,-1.3659
425,2015-09-11,22.269
426,2015-09-14,-25.0232
427,2015-09-15,5.4785
428,2015-09-16,4.0321
429,2015-09-17,0.0
430,2015-09-18,-2.6809
431,2015-09-21,-8.2181
432,2015-09-22,-11.3918
433,2015-09-23,-4.4083
434,2015-09-24,2.9474
435,2015-09-25,-1.4694
436,2015-09-28,-7.4783
437,2015-09-29,1.5135
438,2015-09-30,7.4342
439,2015-10-01,2.9133
440,2015-10-02,12.7086
441,2015-10-05,-4.1654
442,2015-10-06,4.1654
443,2015-10-07,4.0977
444,2015-10-08,9.3098
445,2015-10-09,3.887
446,2015-10-12,-11.8455
447,2015-10-13,6.6495
448,2015-10-14,3.9071
449,2015-10-15,2.5715
450,2015-10-16,-3.8671
451,2015-10-19,8.9326
452,2015-10-20,1.2506
453,2015-10-21,9.7876
454,2015-10-22,4.7549
455,2015-10-23,8.111
456,2015-10-26,-6.9362
457,2015-10-27,0.0
458,2015-10-28,3.492
459,2015-10-29,-5.8471
460,2015-10-30,-1.1859
461,2015-11-02,8.1863
462,2015-11-03,10.149
463,2015-11-04,-9.001
464,2015-11-05,0.0
465,2015-11-06,-5.7934
466,2015-11-09,-4.7325
467,2015-11-10,-10.9848
468,2015-11-11,6.1617
469,2015-11-12,-8.6692
470,2015-11-13,-1.2632
471,2015-11-16,0.0
472,2015-11-17,-1.2695
473,2015-11-18,17.2164
474,2015-11-19,2.3662
475,2015-11-20,9.2487
476,2015-11-23,0.0
477,2015-11-24,13.2662
478,2015-11-25,4.2713
479,2015-11-27,-5.3505
480,2015-11-30,3.2239
481,2015-12-01,-2.1447
482,2015-12-02,-7.6535
483,2015-12-03,-4.4801
484,2015-12-04,5.5878
485,2015-12-07,8.1561
486,2015-12-08,3.7177
487,2015-12-09,-4.2533
488,2015-12-10,10.5015
489,2015-12-11,-9.4315
490,2015-12-14,-2.1447
491,2015-12-15,2.1447
492,2015-12-16,18.5226
493,2015-12-17,1.9765
494,2015-12-18,-11.0676
495,2015-12-21,8.0971
496,2015-12-22,22.8383
497,2015-12-23,5.4002
498,2015-12-24,7.8893
499,2015-12-28,6.8112
500,2015-12-29,0.0
501,2015-12-30,-1.6856
502,2015-12-31,-9.478
503,2016-01-04,-8.9371
504,2016-01-05,-1.8261
505,2016-01-06,-23.5147
506,2016-01-07,-24.2698
507,2016-01-08,-15.4159
508,2016-01-11,22.515
509,2016-01-12,5.3279
510,2016-01-13,-15.2115
511,2016-01-14,-4.5203
512,2016-01-15,-21.4091
513,2016-01-19,-10.132
514,2016-01-20,-20.1708
515,2016-01-21,37.6431
516,2016-01-22,-8.5848
517,2016-01-25,12.1763
518,2016-01-26,-6.0146
519,2016-01-27,7.2005
520,2016-01-28,-5.986
521,2016-01-29,14.1345
522,2016-02-01,-6.9682
523,2016-02-02,-18.3131
524,2016-02-03,9.9323
525,2016-02-04,2.4231
526,2016-02-05,-13.6249
527,2016-02-08,-6.4454
528,2016-02-09,-3.9479
529,2016-02-10,-8.0863
530,2016-02-11,2.7244
531,2016-02-12,-4.0977
532,2016-02-16,0.0
533,2016-02-17,9.4596
534,2016-02-18,1.3228
535,2016-02-19,0.0
536,2016-02-22,12.8599
537,2016-02-23,-5.0655
538,2016-02-24,6.3161
539,2016-02-25,1.2444
540,2016-02-26,4.9172
541,2016-02-29,8.3808
542,2016-03-01,4.6668
543,2016-03-02,15.6851
544,2016-03-03,14.7657
545,2016-03-04,-9.3924
546,2016-03-07,10.4147
547,2016-03-08,-17.9699
548,2016-03-09,-4.4212
549,2016-03-10,0.0
550,2016-03-11,27.4413
551,2016-03-14,19.246
552,2016-03-15,-22.264
553,2016-03-16,13.7847
554,2016-03-17,15.7842
555,2016-03-18,11.4365
556,2016-03-21,-11.4365
557,2016-03-22,-0.9016
558,2016-03-23,-10.1366
559,2016-03-24,10.1366
560,2016-03-28,-0.9048
561,2016-03-29,7.1494
562,2016-03-30,0.0
563,2016-03-31,-0.8827
564,2016-04-01,-1.7747
565,2016-04-04,0.0
566,2016-04-05,-6.3116
567,2016-04-06,3.626
568,2016-04-07,-14.8278
569,2016-04-08,9.3691
570,2016-04-11,1.8327
571,2016-04-12,4.5244
572,2016-04-13,-0.8984
573,2016-04-14,-7.3049
574,2016-04-15,-1.8598
575,2016-04-18,5.5387
576,2016-04-19,-13.1182
577,2016-04-20,7.5795
578,2016-04-21,-7.5795
579,2016-04-22,105.9955
580,2016-04-25,-36.6451
581,2016-04-26,14.8904
582,2016-04-27,4.7742
583,2016-04-28,-8.2405
584,2016-04-29,-4.2236
585,2016-05-02,13.1388
586,2016-05-03,-9.6142
587,2016-05-04,0.0
588,2016-05-05,4.1654
589,2016-05-06,1.3733
590,2016-05-09,-2.0628
591,2016-05-10,-0.6914
592,2016-05-11,0.6914
593,2016-05-12,-4.1769
594,2016-05-13,5.5539
595,2016-05-16,8.1079
596,2016-05-17,0.0
597,2016-05-18,3.3028
598,2016-05-19,-4.6361
599,2016-05-20,6.5972
600,2016-05-23,10.8335
601,2016-05-24,9.7876
602,2016-05-25,-1.2029
603,2016-05-26,10.0459
604,2016-05-27,14.0819
605,2016-05-31,-1.6489
606,2016-06-01,-7.8406
607,2016-06-02,-11.0468
608,2016-06-03,-4.8001
609,2016-06-06,18.1121
610,2016-06-07,2.245
611,2016-06-08,-2.8094
612,2016-06-09,3.3675
613,2016-06-10,-11.4047
614,2016-06-13,4.624
615,2016-06-14,-0.5734
616,2016-06-15,1.7162
617,2016-06-16,18.1452
618,2016-06-17,25.7006
619,2016-06-20,-7.7844
620,2016-06-21,16.7265
621,2016-06-22,-20.7108
622,2016-06-23,9.3618
623,2016-06-24,-16.4895
624,2016-06-27,-8.4008
625,2016-06-28,20.4991
626,2016-06-29,0.4917
627,2016-06-30,0.4907
628,2016-07-01,-3.4555
629,2016-07-05,-5.5276
630,2016-07-06,4.0321
631,2016-07-07,-1.002
632,2016-07-08,3.9843
633,2016-07-11,-4.4868
634,2016-07-12,6.4555
635,2016-07-13,-2.4634
636,2016-07-14,3.9299
637,2016-07-15,-1.4665
638,2016-07-18,17.5169
639,2016-07-19,-4.6155
640,2016-07-20,0.0
641,2016-07-21,-9.0094
642,2016-07-22,28.2828
643,2016-07-25,34.6189
644,2016-07-26,10.3172
645,2016-07-27,-4.7377
646,2016-07-28,-1.1061
647,2016-07-29,1.4737
648,2016-08-01,-8.2141
649,2016-08-02,-14.8508
650,2016-08-03,1.6051
651,2016-08-04,6.7099
652,2016-08-05,5.3947
653,2016-08-08,2.6547
654,2016-08-09,-3.0362
655,2016-08-10,-4.2354
656,2016-08-11,3.4706
657,2016-08-12,5.6802
658,2016-08-15,8.106
659,2016-08-16,-6.2407
660,2016-08-17,-3.7445
661,2016-08-18,13.2275
662,2016-08-19,19.9504
663,2016-08-22,-1.3263
664,2016-08-23,2.9745
665,2016-08-24,-8.0113
666,2016-08-25,1.1843
667,2016-08-26,6.827
668,2016-08-29,-2.6422
669,2016-08-30,-3.3422
670,2016-08-31,-3.0464
671,2016-09-01,-1.7085
672,2016-09-02,5.4269
673,2016-09-06,-5.7699
674,2016-09-07,-17.7789
675,2016-09-08,-23.742
676,2016-09-09,-13.5125
677,2016-09-12,1.7027
678,2016-09-13,-8.631
679,2016-09-14,12.8381
680,2016-09-15,-0.8358
681,2016-09-16,1.2527
682,2016-09-19,4.5407
683,2016-09-20,0.4088
684,2016-09-21,4.8541
685,2016-09-22,3.1849
686,2016-09-23,7.0221
687,2016-09-26,-9.008
688,2016-09-27,8.6229
689,2016-09-28,1.9193
690,2016-09-29,3.0408
691,2016-09-30,8.9081
692,2016-10-03,1.4545
693,2016-10-04,0.7241
694,2016-10-05,-6.9648
695,2016-10-06,6.603
696,2016-10-07,-7.7205
697,2016-10-10,3.3378
698,2016-10-11,-12.8484
699,2016-10-12,4.6099
700,2016-10-13,-4.9979
701,2016-10-14,9.8986
702,2016-10-17,-3.0045
703,2016-10-18,2.2567
704,2016-10-19,1.4933
705,2016-10-20,6.975
706,2016-10-21,-16.4569
707,2016-10-24,18.081
708,2016-10-25,17.2063
709,2016-10-26,-7.1567
710,2016-10-27,-6.3003
711,2016-10-28,3.1699
712,2016-10-31,1.0478
713,2016-11-01,-4.9275
714,2016-11-02,-12.0109
715,2016-11-03,-2.2467
716,2016-11-04,-5.3215
717,2016-11-07,14.9156
718,2016-11-08,1.4441
719,2016-11-09,-2.1693
720,2016-11-10,-24.5816
721,2016-11-11,15.1479
722,2016-11-14,3.9274
723,2016-11-15,6.5934
724,2016-11-16,24.1168
725,2016-11-17,24.7042
726,2016-11-18,7.3389
727,2016-11-21,6.5681
728,2016-11-22,-7.1474
729,2016-11-23,3.1699
730,2016-11-25,-0.8606
731,2016-11-28,1.7182
732,2016-11-29,2.8379
733,2016-11-30,-0.565
734,2016-12-01,-15.1537
735,2016-12-02,4.1703
736,2016-12-05,4.3929
737,2016-12-06,21.4183
738,2016-12-07,2.9164
739,2016-12-08,19.7649
740,2016-12-09,0.0
741,2016-12-12,8.1529
742,2016-12-13,-3.3252
743,2016-12-14,0.239
744,2016-12-15,7.298
745,2016-12-16,-4.6841
746,2016-12-19,6.7639
747,2016-12-20,12.5689
748,2016-12-21,-0.8773
749,2016-12-22,2.8401
750,2016-12-23,-0.4349
751,2016-12-27,10.4438
752,2016-12-28,-11.0975
753,2016-12-29,0.8712
754,2016-12-30,-5.4952
755,2017-01-03,1.9921
756,2017-01-04,0.0
757,2017-01-05,-4.2242
758,2017-01-06,1.7872
759,2017-01-09,3.7563
760,2017-01-10,-1.099
761,2017-01-11,-5.343
762,2017-01-12,-10.0997
763,2017-01-13,-4.2513
764,2017-01-17,-18.7852
765,2017-01-18,1.535
766,2017-01-19,-2.8214
767,2017-01-20,-0.5164
768,2017-01-23,4.1018
769,2017-01-24,13.1293
770,2017-01-25,-2.1818
771,2017-01-26,4.1055
772,2017-01-27,3.5678
773,2017-01-30,-1.4211
774,2017-01-31,-5.7657
775,2017-02-01,38.0462
776,2017-02-02,4.5556
777,2017-02-03,-0.8222
778,2017-02-06,27.1061
779,2017-02-07,-6.3659
780,2017-02-08,5.0683
781,2017-02-09,-2.6153
782,2017-02-10,2.9867
783,2017-02-13,-1.6757
784,2017-02-14,-4.3336
785,2017-02-15,0.759
786,2017-02-16,-6.3315
787,2017-02-17,3.0897
788,2017-02-21,16.1677
789,2017-02-22,4.9903
790,2017-02-23,0.7049
791,2017-02-24,-3.5444
792,2017-02-27,18.5732
793,2017-02-28,-12.5771
794,2017-03-01,8.5664
795,2017-03-02,-18.5198
796,2017-03-03,-16.2879
797,2017-03-06,0.1933
798,2017-03-07,0.1932
799,2017-03-08,3.2616
800,2017-03-09,2.0881
801,2017-03-10,10.7329
802,2017-03-13,6.6155
803,2017-03-14,-3.1967
804,2017-03-15,-2.1539
805,2017-03-16,-6.0198
806,2017-03-17,-2.9713
807,2017-03-20,16.4504
808,2017-03-21,-10.3601
809,2017-03-22,5.0546
810,2017-03-23,-5.6022
811,2017-03-24,-1.6501
812,2017-03-27,0.0
813,2017-03-28,-0.184
814,2017-03-29,0.3679
815,2017-03-30,6.1732
816,2017-03-31,8.8121
817,2017-04-03,1.554
818,2017-04-04,-8.4008
819,2017-04-05,0.1779
820,2017-04-06,-16.5365
821,2017-04-07,4.7034
822,2017-04-10,-7.9526
823,2017-04-11,0.0
824,2017-04-12,-6.6268
825,2017-04-13,-9.0476
826,2017-04-17,9.6394
827,2017-04-18,3.1329
828,2017-04-19,-2.1497
829,2017-04-20,5.2441
830,2017-04-21,-2.1233
831,2017-04-24,2.5075
832,2017-04-25,6.8163
833,2017-04-26,-1.4989
834,2017-04-27,3.9157
835,2017-04-28,-5.9914
836,2017-05-01,5.9914
837,2017-05-02,-69.9188
838,2017-05-03,1.7035
839,2017-05-04,-7.1337
840,2017-05-05,2.2356
841,2017-05-08,-3.7371
842,2017-05-09,3.4897
843,2017-05-10,14.6651
844,2017-05-11,6.456
845,2017-05-12,4.2885
846,2017-05-15,3.5556
847,2017-05-16,27.7616
848,2017-05-17,-32.6636
849,2017-05-18,1.6819
850,2017-05-19,2.9994
851,2017-05-22,-8.3072
852,2017-05-23,-3.4474
853,2017-05-24,0.0
854,2017-05-25,2.0741
855,2017-05-26,0.4586
856,2017-05-30,2.7342
857,2017-05-31,1.5814
858,2017-06-01,-5.9243
859,2017-06-02,-0.6926
860,2017-06-05,7.7404
861,2017-06-06,17.117
862,2017-06-07,7.227
863,2017-06-08,10.3686
864,2017-06-09,-12.4124
865,2017-06-12,-3.9295
866,2017-06-13,-2.7244
867,2017-06-14,-4.0355
868,2017-06-15,-5.8481
869,2017-06-16,-1.3182
870,2017-06-19,10.5689
871,2017-06-20,14.5682
872,2017-06-21,25.3919
873,2017-06-22,7.1091
874,2017-06-23,-3.7072
875,2017-06-26,-1.6057
876,2017-06-27,-12.4742
877,2017-06-28,-3.2175
878,2017-06-29,-12.2951
879,2017-06-30,-2.4115
880,2017-07-03,-6.7531
881,2017-07-05,20.6967
882,2017-07-06,-3.269
883,2017-07-07,6.4962
884,2017-07-10,8.3482
885,2017-07-11,1.4556
886,2017-07-12,7.1545
887,2017-07-13,-13.7719
888,2017-07-14,7.1611
889,2017-07-17,-2.1818
890,2017-07-18,-5.9123
891,2017-07-19,1.3052
892,2017-07-20,4.6071
893,2017-07-21,1.4567
894,2017-07-24,5.033
895,2017-07-25,-0.8914
896,2017-07-26,11.3493
897,2017-07-27,-11.1708
898,2017-07-28,-3.0524
899,2017-07-31,-6.218
900,2017-08-01,1.8448
901,2017-08-02,-6.3282
902,2017-08-03,-2.4623
903,2017-08-04,-2.2944
904,2017-08-07,5.885
905,2017-08-08,-6.0772
906,2017-08-09,-5.4405
907,2017-08-10,-14.3462
908,2017-08-11,2.2768
909,2017-08-14,10.6907
910,2017-08-15,5.0832
911,2017-08-16,-7.6637
912,2017-08-17,-5.8537
913,2017-08-18,0.6119
914,2017-08-21,-6.6048
915,2017-08-22,2.4971
916,2017-08-23,6.3387
917,2017-08-24,0.4035
918,2017-08-25,-1.4152
919,2017-08-28,-4.0877
920,2017-08-29,-1.6538
921,2017-08-30,10.5608
922,2017-08-31,6.4795
923,2017-09-01,3.6564
924,2017-09-05,-5.212
925,2017-09-06,-1.173
926,2017-09-07,-4.5478
927,2017-09-08,-7.6983
928,2017-09-11,6.0971
929,2017-09-12,-5.0706
930,2017-09-13,-1.6444
931,2017-09-14,0.8235
932,2017-09-15,5.2883
933,2017-09-18,11.0268
934,2017-09-19,0.7695
935,2017-09-20,11.6357
936,2017-09-21,-6.1263
937,2017-09-22,-2.0756
938,2017-09-25,-13.425
939,2017-09-26,-3.2179
940,2017-09-27,5.8026
941,2017-09-28,0.0
942,2017-09-29,0.1977
943,2017-10-02,-0.7918
944,2017-10-03,13.698
945,2017-10-04,-2.0741
946,2017-10-05,0.5674
947,2017-10-06,-2.0866
948,2017-10-09,4.5305
949,2017-10-10,4.2666
950,2017-10-11,3.2894
951,2017-10-12,5.7438
952,2017-10-13,0.3547
953,2017-10-16,0.7079
954,2017-10-17,-1.7734
955,2017-10-18,-1.6068
956,2017-10-19,-2.1585
957,2017-10-20,-2.5418
958,2017-10-23,5.237
959,2017-10-24,2.6667
960,2017-10-25,-36.4698
961,2017-10-26,-6.7314
962,2017-10-27,-3.4876
963,2017-10-30,-21.077
964,2017-10-31,2.1888
965,2017-11-01,-4.2801
966,2017-11-02,1.164
967,2017-11-03,6.1942
968,2017-11-06,17.7184
969,2017-11-07,2.5221
970,2017-11-08,-7.2126
971,2017-11-09,-13.0279
972,2017-11-10,3.1529
973,2017-11-13,-3.8336
974,2017-11-14,0.6808
975,2017-11-15,-1.1356
976,2017-11-16,4.0646
977,2017-11-17,2.8953
978,2017-11-20,-0.8873
979,2017-11-21,1.3298
980,2017-11-22,-0.664
981,2017-11-24,0.2215
982,2017-11-27,3.7367
983,2017-11-28,-8.4304
984,2017-11-29,-7.7897
985,2017-11-30,1.3923
986,2017-12-01,-3.7299
987,2017-12-04,-17.0007
988,2017-12-05,-3.0331
989,2017-12-06,2.2783
990,2017-12-07,1.006
991,2017-12-08,-2.5225
992,2017-12-11,5.5166
993,2017-12-12,-6.5328
994,2017-12-13,5.2895
995,2017-12-14,0.498
996,2017-12-15,3.9492
997,2017-12-18,16.3555
998,2017-12-19,-0.6895
999,2017-12-20,0.6895
1000,2017-12-21,-2.0741
1001,2017-12-22,-8.2322
1002,2017-12-26,-1.92
1003,2017-12-27,1.6808
1004,2017-12-28,0.4782
1005,2017-12-29,-6.5333
1006,2018-01-02,16.6005
1007,2018-01-03,12.7537
1008,2018-01-04,12.1392
1009,2018-01-05,-5.0402
1010,2018-01-08,8.3451
1011,2018-01-09,-9.6211
1012,2018-01-10,2.9672
1013,2018-01-11,3.7644
1014,2018-01-12,-2.5033
1015,2018-01-16,-2.3168
1016,2018-01-17,5.6491
1017,2018-01-18,5.9297
1018,2018-01-19,2.4134
1019,2018-01-22,1.1981
1020,2018-01-23,5.7119
1021,2018-01-24,-4.5194
1022,2018-01-25,-6.0194
1023,2018-01-26,10.7335
1024,2018-01-29,7.0991
1025,2018-01-30,-8.6606
1026,2018-01-31,16.4839
1027,2018-02-01,-9.1511
1028,2018-02-02,-15.6938
1029,2018-02-05,-18.4729
1030,2018-02-06,1.7364
1031,2018-02-07,-1.0839
1032,2018-02-08,-8.3934
1033,2018-02-09,2.0133
1034,2018-02-12,8.1121
1035,2018-02-13,2.1484
1036,2018-02-14,8.8283
1037,2018-02-15,-0.2066
1038,2018-02-16,-7.7674
1039,2018-02-20,4.2283
1040,2018-02-21,-6.3693
1041,2018-02-22,2.5671
1042,2018-02-23,4.8483
1043,2018-02-26,7.2034
1044,2018-02-27,2.2221
1045,2018-02-28,-8.5917
1046,2018-03-01,-4.4083
1047,2018-03-02,-1.9131
1048,2018-03-05,2.1248
1049,2018-03-06,-3.194
1050,2018-03-07,10.0813
1051,2018-03-08,-5.6211
1052,2018-03-09,-5.7493
1053,2018-03-12,-3.9071
1054,2018-03-13,2.6114
1055,2018-03-14,-6.136
1056,2018-03-15,2.2086
1057,2018-03-16,0.2198
1058,2018-03-19,-0.8804
1059,2018-03-20,-7.1558
1060,2018-03-21,3.3796
1061,2018-03-22,-7.9574
1062,2018-03-23,-6.5519
1063,2018-03-26,-4.545
1064,2018-03-27,-10.851
1065,2018-03-28,-4.8341
1066,2018-03-29,6.0909
1067,2018-04-02,-13.3882
1068,2018-04-03,0.5283
1069,2018-04-04,5.7394
1070,2018-04-05,6.3672
1071,2018-04-06,-10.5283
1072,2018-04-09,-2.1066
1073,2018-04-10,11.6269
1074,2018-04-11,-4.0728
1075,2018-04-12,6.5853
1076,2018-04-13,-3.7782
1077,2018-04-16,4.0281
1078,2018-04-17,10.5168
1079,2018-04-18,-3.8621
1080,2018-04-19,-6.1557
1081,2018-04-20,-3.009
1082,2018-04-23,1.2581
1083,2018-04-24,1.2519
1084,2018-04-25,-9.6739
1085,2018-04-26,32.3489
1086,2018-04-27,1.5928
1087,2018-04-30,-5.2717
1088,2018-05-01,5.7249
1089,2018-05-02,-3.6489
1090,2018-05-03,-0.9205
1091,2018-05-04,7.943
1092,2018-05-07,6.8321
1093,2018-05-08,0.4345
1094,2018-05-09,7.2738
1095,2018-05-10,3.7675
1096,2018-05-11,-3.7675
1097,2018-05-14,5.8365
1098,2018-05-15,4.4928
1099,2018-05-16,7.38
1100,2018-05-17,0.0
1101,2018-05-18,3.5136
1102,2018-05-21,-0.1939
1103,2018-05-22,-0.1941
1104,2018-05-23,2.319
1105,2018-05-24,5.8939
1106,2018-05-25,2.4312
1107,2018-05-29,-3.3725
1108,2018-05-30,8.5306
1109,2018-05-31,-1.6465
1110,2018-06-01,12.0065
1111,2018-06-04,7.7545
1112,2018-06-05,0.0
1113,2018-06-06,13.5445
1114,2018-06-07,-12.8667
1115,2018-06-08,6.0202
1116,2018-06-11,7.8095
1117,2018-06-12,1.9151
1118,2018-06-13,7.3639
1119,2018-06-14,-1.0832
1120,2018-06-15,1.3918
1121,2018-06-18,11.6038
1122,2018-06-19,-6.263
1123,2018-06-20,-2.58
1124,2018-06-21,-13.6334
1125,2018-06-22,2.4038
1126,2018-06-25,-11.2526
1127,2018-06-26,6.4218
1128,2018-06-27,-8.7675
1129,2018-06-28,5.6594
1130,2018-06-29,-5.323
1131,2018-07-02,2.8418
1132,2018-07-03,-2.6738
1133,2018-07-05,8.263
1134,2018-07-06,13.6078
1135,2018-07-09,3.8217
1136,2018-07-10,-0.9119
1137,2018-07-11,-4.2999
1138,2018-07-12,4.4521
1139,2018-07-13,-4.4521
1140,2018-07-16,4.7563
1141,2018-07-17,4.3696
1142,2018-07-18,-0.2989
1143,2018-07-19,-2.1025
1144,2018-07-20,-3.187
1145,2018-07-23,2.4319
1146,2018-07-24,-7.2115
1147,2018-07-25,-2.1886
1148,2018-07-26,33.748
1149,2018-07-27,7.9749
1150,2018-07-30,6.3069
1151,2018-07-31,-14.5566
1152,2018-08-01,2.0538
1153,2018-08-02,4.1922
1154,2018-08-03,-4.0559
1155,2018-08-06,12.4962
1156,2018-08-07,1.6804
1157,2018-08-08,0.2575
1158,2018-08-09,-6.2547
1159,2018-08-10,-0.5283
1160,2018-08-13,8.7062
1161,2018-08-14,3.677
1162,2018-08-15,-4.0605
1163,2018-08-16,-4.778
1164,2018-08-17,5.6719
1165,2018-08-20,2.6627
1166,2018-08-21,5.2424
1167,2018-08-22,6.102
1168,2018-08-23,16.226
1169,2018-08-24,18.4167
1170,2018-08-27,13.1045
1171,2018-08-28,-2.1038
1172,2018-08-29,1.5045
1173,2018-08-30,-3.1192
1174,2018-08-31,2.819
1175,2018-09-04,27.3905
1176,2018-09-05,4.0093
1177,2018-09-06,-5.9928
1178,2018-09-07,-4.1986
1179,2018-09-10,22.1032
1180,2018-09-11,1.7643
1181,2018-09-12,17.0735
1182,2018-09-13,-13.912
1183,2018-09-14,17.8708
1184,2018-09-17,-2.2435
1185,2018-09-18,-3.9156
1186,2018-09-19,-5.7475
1187,2018-09-20,-0.2423
1188,2018-09-21,-1.2965
1189,2018-09-24,12.5967
1190,2018-09-25,-0.3093
1191,2018-09-26,-2.9574
1192,2018-09-27,3.1121
1193,2018-09-28,-13.5004
1194,2018-10-01,4.2871
1195,2018-10-02,-20.0238
1196,2018-10-03,-5.1762
1197,2018-10-04,-5.8284
1198,2018-10-05,-3.9312
1199,2018-10-08,-8.3368
1200,2018-10-09,7.3212
1201,2018-10-10,-21.6243
1202,2018-10-11,3.006
1203,2018-10-12,10.1516
1204,2018-10-15,-0.7665
1205,2018-10-16,17.7825
1206,2018-10-17,-7.9949
1207,2018-10-18,-6.3564
1208,2018-10-19,-29.705
1209,2018-10-22,14.1849
1210,2018-10-23,0.6034
1211,2018-10-24,-24.2292
1212,2018-10-25,-42.2786
1213,2018-10-26,-22.4148
1214,2018-10-29,-11.4033
1215,2018-10-30,5.1808
1216,2018-10-31,14.3795
1217,2018-11-01,26.3847
1218,2018-11-02,0.1246
1219,2018-11-05,-4.1446
1220,2018-11-06,9.6887
1221,2018-11-07,13.7532
1222,2018-11-08,-7.495
1223,2018-11-09,-2.0289
1224,2018-11-12,-25.1832
1225,2018-11-13,7.5658
1226,2018-11-14,14.9673
1227,2018-11-15,8.1028
1228,2018-11-16,-9.9258
1229,2018-11-19,-19.6529
1230,2018-11-20,1.3152
1231,2018-11-21,-6.3767
1232,2018-11-23,8.597
1233,2018-11-26,8.9416
1234,2018-11-27,11.8884
1235,2018-11-28,3.448
1236,2018-11-29,1.0606
1237,2018-11-30,-1.5334
1238,2018-12-03,27.0118
1239,2018-12-04,-29.1505
1240,2018-12-06,2.1386
1241,2018-12-07,-22.7672
1242,2018-12-10,6.7715
1243,2018-12-11,-0.1261
1244,2018-12-12,6.2287
1245,2018-12-13,-7.7468
1246,2018-12-14,0.507
1247,2018-12-17,-13.9276
1248,2018-12-18,8.8107
1249,2018-12-19,-17.9407
1250,2018-12-20,-3.0715
1251,2018-12-21,-14.6023
1252,2018-12-24,-4.2026
1253,2018-12-26,18.2424
1254,2018-12-27,-5.8392
1255,2018-12-28,4.7104
1256,2018-12-31,8.8918
1257,2019-01-02,5.001
1258,2019-01-03,-25.0239
1259,2019-01-04,27.2888
1260,2019-01-07,20.0075
1261,2019-01-08,2.1956
1262,2019-01-09,-6.8944
1263,2019-01-10,-5.6802
1264,2019-01-11,6.6767
1265,2019-01-14,-0.4978
1266,2019-01-15,1.8616
1267,2019-01-16,-8.1683
1268,2019-01-17,6.5556
1269,2019-01-18,6.3894
1270,2019-01-22,-12.5622
1271,2019-01-23,0.5096
1272,2019-01-24,13.0213
1273,2019-01-25,12.7264
1274,2019-01-28,-20.9572
1275,2019-01-29,-11.8896
1276,2019-01-30,45.8359
1277,2019-01-31,14.0095
1278,2019-02-01,1.0303
1279,2019-02-04,-3.9376
1280,2019-02-05,-8.7125
1281,2019-02-06,-0.5411
1282,2019-02-07,-6.4746
1283,2019-02-08,4.1891
1284,2019-02-11,-0.9859
1285,2019-02-12,-1.5413
1286,2019-02-13,0.3311
1287,2019-02-14,3.0692
1288,2019-02-15,5.9221
1289,2019-02-19,2.8571
1290,2019-02-20,0.0
1291,2019-02-21,-0.3159
1292,2019-02-22,4.5933
1293,2019-02-25,3.5949
1294,2019-02-26,-5.1514
1295,2019-02-27,-7.7154
1296,2019-02-28,0.5361
1297,2019-03-01,1.6014
1298,2019-03-04,-3.3208
1299,2019-03-05,1.3979
1300,2019-03-06,-11.9683
1301,2019-03-07,-3.7384
1302,2019-03-08,-0.8002
1303,2019-03-11,10.6487
1304,2019-03-12,5.7509
1305,2019-03-13,-1.1828
1306,2019-03-14,-6.1094
1307,2019-03-15,5.1375
1308,2019-03-18,-0.4332
1309,2019-03-19,28.1714
1310,2019-03-20,-2.9246
1311,2019-03-21,20.6079
1312,2019-03-22,-14.1224
1313,2019-03-25,-3.8518
1314,2019-03-26,-2.7317
1315,2019-03-27,-7.9722
1316,2019-03-28,1.7153
1317,2019-03-29,4.5838
1318,2019-04-01,8.1611
1319,2019-04-02,3.7011
1320,2019-04-03,20.5256
1321,2019-04-04,0.6071
1322,2019-04-05,-0.9547
1323,2019-04-08,-3.9437
1324,2019-04-09,-11.66
1325,2019-04-10,5.3999
1326,2019-04-11,-0.3625
1327,2019-04-12,0.5435
1328,2019-04-15,-4.7497
1329,2019-04-16,5.4725
1330,2019-04-17,-4.0015
1331,2019-04-18,1.7357
1332,2019-04-22,4.5114
1333,2019-04-23,-1.885
1334,2019-04-24,4.3765
1335,2019-04-25,-7.1851
1336,2019-04-26,1.9964
1337,2019-04-29,-1.7232
1338,2019-04-30,-0.5466
1339,2019-05-01,-7.5921
1340,2019-05-02,13.5408
1341,2019-05-03,-0.6243
1342,2019-05-06,-7.2471
1343,2019-05-07,-7.0833
1344,2019-05-08,4.0321
1345,2019-05-09,1.1138
1346,2019-05-10,6.852
1347,2019-05-13,-15.9995
1348,2019-05-14,10.1642
1349,2019-05-15,2.3869
1350,2019-05-16,3.8986
1351,2019-05-17,-4.6306
1352,2019-05-20,-7.6285
1353,2019-05-21,6.2502
1354,2019-05-22,0.5522
1355,2019-05-23,-9.8432
1356,2019-05-24,0.7636
1357,2019-05-28,23.5498
1358,2019-05-29,-8.2949
1359,2019-05-30,-0.5388
1360,2019-05-31,-5.6366
1361,2019-06-03,1.5581
1362,2019-06-04,17.5567
1363,2019-06-05,-0.5973
1364,2019-06-06,19.0776
1365,2019-06-07,4.6297
1366,2019-06-10,6.2965
1367,2019-06-11,-6.2965
1368,2019-06-12,-1.7947
1369,2019-06-13,-6.2637
1370,2019-06-14,-8.4076
1371,2019-06-17,-9.8172
1372,2019-06-18,10.5632
1373,2019-06-19,0.4135
1374,2019-06-20,-4.0814
1375,2019-06-21,-7.7597
1376,2019-06-24,1.3818
1377,2019-06-25,-3.4687
1378,2019-06-26,9.0898
1379,2019-06-27,6.8135
1380,2019-06-28,-3.0516
1381,2019-07-01,6.7946
1382,2019-07-02,0.3229
1383,2019-07-03,-0.4037
1384,2019-07-05,2.4923
1385,2019-07-08,4.2834
1386,2019-07-09,8.5825
1387,2019-07-10,4.8188
1388,2019-07-11,-5.5039
1389,2019-07-12,1.1408
1390,2019-07-15,8.7985
1391,2019-07-16,-3.9884
1392,2019-07-17,-1.8681
1393,2019-07-18,-4.5407
1394,2019-07-19,-3.7699
1395,2019-07-22,2.6218
1396,2019-07-23,4.8624
1397,2019-07-24,4.6226
1398,2019-07-25,-3.2718
1399,2019-07-26,2.606
1400,2019-07-29,-4.0321
1401,2019-07-30,2.9185
1402,2019-07-31,-26.8238
1403,2019-08-01,-4.9307
1404,2019-08-02,-3.5697
1405,2019-08-05,-12.7278
1406,2019-08-06,7.7135
1407,2019-08-07,2.8651
1408,2019-08-08,37.845
1409,2019-08-09,1.998
1410,2019-08-12,-13.318
1411,2019-08-13,-2.4989
1412,2019-08-14,-15.1205
1413,2019-08-15,-4.7953
1414,2019-08-16,12.5094
1415,2019-08-19,2.413
1416,2019-08-20,-6.1585
1417,2019-08-21,7.9135
1418,2019-08-22,1.5849
1419,2019-08-23,-19.3689
1420,2019-08-26,6.235
1421,2019-08-27,-0.6667
1422,2019-08-28,4.7938
1423,2019-08-29,5.4265
1424,2019-08-30,0.0
1425,2019-09-03,-4.446
1426,2019-09-04,0.4074
1427,2019-09-05,4.4389
1428,2019-09-06,-7.6345
1429,2019-09-09,-0.4953
1430,2019-09-10,-2.2408
1431,2019-09-11,-3.9487
1432,2019-09-12,3.782
1433,2019-09-13,3.9725
1434,2019-09-16,1.1469
1435,2019-09-17,1.3044
1436,2019-09-18,-4.6782
1437,2019-09-19,-1.0792
1438,2019-09-20,-2.0047
1439,2019-09-23,4.8998
1440,2019-09-24,-9.3841
1441,2019-09-25,0.1707
1442,2019-09-26,-0.5979
1443,2019-09-27,-6.4963
1444,2019-09-30,2.358
1445,2019-10-01,-2.0073
1446,2019-10-02,-3.9741
1447,2019-10-03,3.2722
1448,2019-10-04,2.883
1449,2019-10-07,-0.6959
1450,2019-10-08,-6.1725
1451,2019-10-09,2.0448
1452,2019-10-10,-0.7094
1453,2019-10-11,11.8804
1454,2019-10-14,6.5219
1455,2019-10-15,1.5634
1456,2019-10-16,0.7372
1457,2019-10-17,2.6848
1458,2019-10-18,-1.3795
1459,2019-10-21,8.4808
1460,2019-10-22,-4.1247
1461,2019-10-23,-1.2025
1462,2019-10-24,2.8764
1463,2019-10-25,7.7448
1464,2019-10-28,7.4391
1465,2019-10-29,-4.9858
1466,2019-10-30,0.7618
1467,2019-10-31,6.0128
1468,2019-11-01,7.031
1469,2019-11-04,9.9142
1470,2019-11-05,-0.974
1471,2019-11-06,-1.5383
1472,2019-11-07,2.4429
1473,2019-11-08,0.0695
1474,2019-11-11,0.1388
1475,2019-11-12,2.7609
1476,2019-11-13,5.4999
1477,2019-11-14,5.5139
1478,2019-11-15,1.3762
1479,2019-11-18,8.4822
1480,2019-11-19,8.7558
1481,2019-11-20,-1.8991
1482,2019-11-21,-9.1419
1483,2019-11-22,-2.3704
1484,2019-11-25,4.0862
1485,2019-11-26,-5.1182
1486,2019-11-27,2.7
1487,2019-11-29,-1.668
1488,2019-12-02,-2.7181
1489,2019-12-03,1.1037
1490,2019-12-04,5.0665
1491,2019-12-05,-0.4448
1492,2019-12-06,0.0636
1493,2019-12-09,-4.491
1494,2019-12-10,3.2799
1495,2019-12-11,0.1916
1496,2019-12-12,19.1718
1497,2019-12-13,-8.6677
1498,2019-12-16,7.2436
1499,2019-12-17,2.4869
1500,2019-12-18,-2.7846
1501,2019-12-19,3.1378
1502,2019-12-20,7.6492
1503,2019-12-23,7.3685
1504,2019-12-24,5.9168
1505,2019-12-26,0.4869
1506,2019-12-27,-2.4437
1507,2019-12-30,-3.6275
1508,2019-12-31,1.8753
1509,2020-01-02,17.203
1510,2020-01-03,-2.5793
1511,2020-01-06,-1.0912
1512,2020-01-07,-0.7301
1513,2020-01-08,-2.2032
1514,2020-01-09,5.9358
1515,2020-01-10,-4.177
1516,2020-01-13,3.0164
1517,2020-01-14,-2.7811
1518,2020-01-15,1.745
1519,2020-01-16,6.2801
1520,2020-01-17,5.806
1521,2020-01-21,0.5931
1522,2020-01-22,1.8689
1523,2020-01-23,1.3682
1524,2020-01-24,-6.7164
1525,2020-01-27,-5.5153
1526,2020-01-28,6.4146
1527,2020-01-29,-15.53
1528,2020-01-30,6.6478
1529,2020-01-31,-9.3675
1530,2020-02-03,5.4104
1531,2020-02-04,7.3948
1532,2020-02-05,1.9797
1533,2020-02-06,-2.643
1534,2020-02-07,2.0862
1535,2020-02-10,12.505
1536,2020-02-11,7.3186
1537,2020-02-12,0.4212
1538,2020-02-13,2.9751
1539,2020-02-14,3.5791
1540,2020-02-18,7.0978
1541,2020-02-19,8.7498
1542,2020-02-20,-7.0722
1543,2020-02-21,-18.1984
1544,2020-02-24,-20.4863
1545,2020-02-25,-8.0801
1546,2020-02-26,-0.4242
1547,2020-02-27,-19.1778
1548,2020-02-28,8.2797
1549,2020-03-02,10.7389
1550,2020-03-03,-3.7984
1551,2020-03-04,17.4904
1552,2020-03-05,-10.2641
1553,2020-03-06,2.5018
1554,2020-03-09,-29.2215
1555,2020-03-10,11.9982
1556,2020-03-11,1.7708
1557,2020-03-12,-39.8866
1558,2020-03-13,29.7603
1559,2020-03-16,-31.7057
1560,2020-03-17,19.835
1561,2020-03-18,-17.18
1562,2020-03-19,4.4693
1563,2020-03-20,-1.3325
1564,2020-03-23,12.5949
1565,2020-03-24,26.2965
1566,2020-03-25,-8.8216
1567,2020-03-26,15.7055
1568,2020-03-27,-4.9287
1569,2020-03-30,6.8314
1570,2020-03-31,-12.8539
1571,2020-04-01,-10.2918
1572,2020-04-02,4.7457
1573,2020-04-03,-10.9985
1574,2020-04-06,27.6019
1575,2020-04-07,0.212
1576,2020-04-08,6.4344
1577,2020-04-09,-2.1266
1578,2020-04-13,12.9936
1579,2020-04-14,19.0036
1580,2020-04-15,0.2751
1581,2020-04-16,8.8256
1582,2020-04-17,-1.5535
1583,2020-04-20,1.642
1584,2020-04-21,-18.5834
1585,2020-04-22,13.8955
1586,2020-04-23,-0.0901
1587,2020-04-24,1.2591
1588,2020-04-27,1.3867
1589,2020-04-28,-4.4101
1590,2020-04-29,-8.5416
1591,2020-04-30,-6.0359
1592,2020-05-01,-12.3721
1593,2020-05-04,13.1885
1594,2020-05-05,-1.7802
1595,2020-05-06,-0.1449
1596,2020-05-07,-1.0166
1597,2020-05-08,5.9444
1598,2020-05-11,11.8006
1599,2020-05-12,-9.1144
1600,2020-05-13,-7.5173
1601,2020-05-14,11.0086
1602,2020-05-15,-1.4372
1603,2020-05-18,1.8068
1604,2020-05-19,4.0299
1605,2020-05-20,4.1453
1606,2020-05-21,-7.8983
1607,2020-05-22,2.3865
1608,2020-05-26,-9.2103
1609,2020-05-27,-2.141
1610,2020-05-28,-4.824
1611,2020-05-29,9.8387
1612,2020-06-01,-0.7975
1613,2020-06-02,-0.4233
1614,2020-06-03,-3.8416
1615,2020-06-04,-0.4784
1616,2020-06-05,2.2404
1617,2020-06-08,-0.6177
1618,2020-06-09,15.7667
1619,2020-06-10,4.6492
1620,2020-06-11,-21.0828
1621,2020-06-12,3.1758
1622,2020-06-15,5.4977
1623,2020-06-16,-1.0159
1624,2020-06-17,0.4161
1625,2020-06-18,-2.3671
1626,2020-06-19,0.8845
1627,2020-06-22,2.4509
1628,2020-06-23,-3.5686
1629,2020-06-24,-7.5809
1630,2020-06-25,-2.2224
1631,2020-06-26,-9.0407
1632,2020-06-29,0.9038
1633,2020-06-30,11.4153
1634,2020-07-01,-0.1437
1635,2020-07-02,-1.1529
1636,2020-07-06,5.0526
1637,2020-07-07,-2.2278
1638,2020-07-08,2.3693
1639,2020-07-09,17.4239
1640,2020-07-10,-6.1257
1641,2020-07-13,-10.5447
1642,2020-07-14,5.2584
1643,2020-07-15,2.8392
1644,2020-07-16,-1.9198
1645,2020-07-17,0.55
1646,2020-07-20,10.8433
1647,2020-07-21,-2.0255
1648,2020-07-22,20.3339
1649,2020-07-23,-9.2205
1650,2020-07-24,38.4892
1651,2020-07-27,-1.5662
1652,2020-07-28,-5.0188
1653,2020-07-29,29.7766
1654,2020-07-30,6.8929
1655,2020-07-31,-2.4936
1656,2020-08-03,0.7799
1657,2020-08-04,22.8445
1658,2020-08-05,0.7988
1659,2020-08-06,4.1019
1660,2020-08-07,-5.4644
1661,2020-08-10,-7.8733
1662,2020-08-11,-16.9838
1663,2020-08-12,18.115
1664,2020-08-13,-2.3599
1665,2020-08-14,-1.6683
1666,2020-08-17,3.4479
1667,2020-08-18,-2.3345
1668,2020-08-19,-1.7652
1669,2020-08-20,5.1675
1670,2020-08-21,3.1466
1671,2020-08-24,-2.2046
1672,2020-08-25,9.7284
1673,2020-08-26,-0.9649
1674,2020-08-27,-6.589
1675,2020-08-28,5.2083
1676,2020-08-31,15.0642
1677,2020-09-01,3.7456
1678,2020-09-02,-5.416
1679,2020-09-03,-22.42
1680,2020-09-04,-1.6233
1681,2020-09-08,-10.4139
1682,2020-09-09,10.1065
1683,2020-09-10,-9.1795
1684,2020-09-11,-8.5674
1685,2020-09-14,5.0977
1686,2020-09-15,3.3101
1687,2020-09-16,-7.3537
1688,2020-09-17,-0.3619
1689,2020-09-18,-5.3902
1690,2020-09-21,9.925
1691,2020-09-22,-0.7772
1692,2020-09-23,-9.8214
1693,2020-09-24,3.6491
1694,2020-09-25,7.321
1695,2020-09-28,4.5591
1696,2020-09-29,7.1581
1697,2020-09-30,0.6771
1698,2020-10-01,8.6702
1699,2020-10-02,-9.2549
1700,2020-10-05,13.0568
1701,2020-10-06,-4.9329
1702,2020-10-07,6.5076
1703,2020-10-08,-0.5238
1704,2020-10-09,-10.1343
1705,2020-10-12,3.5831
1706,2020-10-13,2.9425
1707,2020-10-14,-3.1818
1708,2020-10-15,-3.2528
1709,2020-10-16,0.1212
1710,2020-10-19,-3.5702
1711,2020-10-20,-1.3558
1712,2020-10-21,-7.3994
1713,2020-10-22,0.699
1714,2020-10-23,7.9332
1715,2020-10-26,0.8288
1716,2020-10-27,-10.4813
1717,2020-10-28,-8.0501
1718,2020-10-29,5.2876
1719,2020-10-30,-8.9757
1720,2020-11-02,-1.9825
1721,2020-11-03,6.2637
1722,2020-11-04,15.2271
1723,2020-11-05,5.0601
1724,2020-11-06,8.5958
1725,2020-11-09,-8.2317
1726,2020-11-10,-16.0536
1727,2020-11-11,10.4125
1728,2020-11-12,1.7303
1729,2020-11-13,-1.2656
1730,2020-11-16,7.0191
1731,2020-11-17,-1.116
1732,2020-11-18,-2.4912
1733,2020-11-19,8.9967
1734,2020-11-20,-2.6654
1735,2020-11-23,1.9869
1736,2020-11-24,-0.7099
1737,2020-11-25,4.8119
1738,2020-11-27,1.3911
1739,2020-11-30,15.3335
1740,2020-12-01,-0.0816
1741,2020-12-02,3.0018
1742,2020-12-03,-3.8739
1743,2020-12-04,4.6791
1744,2020-12-07,0.0804
1745,2020-12-08,-3.0997
1746,2020-12-09,-8.5226
1747,2020-12-10,5.0821
1748,2020-12-11,-0.0275
1749,2020-12-14,8.4625
1750,2020-12-15,6.146
1751,2020-12-16,-0.7016
1752,2020-12-17,-0.026
1753,2020-12-18,-2.4055
1754,2020-12-21,-7.1681
1755,2020-12-22,-0.1893
1756,2020-12-23,-4.3932
1757,2020-12-24,0.7147
1758,2020-12-28,-0.5771
1759,2020-12-29,-2.7106
1760,2020-12-30,4.6017
1761,2020-12-31,-1.5887
1762,2021-01-04,1.616
1763,2021-01-05,1.28
1764,2021-01-06,-6.7167
1765,2021-01-07,13.1267
1766,2021-01-08,-1.5406
1767,2021-01-11,7.0154
1768,2021-01-12,-4.9589
1769,2021-01-13,-9.6295
1770,2021-01-14,-2.733
1771,2021-01-15,-7.2649
1772,2021-01-19,3.5178
1773,2021-01-20,-1.9798
1774,2021-01-21,7.7725
1775,2021-01-22,3.4454
1776,2021-01-25,3.6132
1777,2021-01-26,1.548
1778,2021-01-27,-16.1236
1779,2021-01-28,-3.7724
1780,2021-01-29,-5.4721
1781,2021-02-01,5.8749
1782,2021-02-02,3.4263
1783,2021-02-03,-2.766
1784,2021-02-04,-0.1434
1785,2021-02-05,0.1721
1786,2021-02-08,10.0324
1787,2021-02-09,-1.5475
1788,2021-02-10,3.9604
1789,2021-02-11,0.8445
1790,2021-02-12,3.0008
1791,2021-02-16,-6.2857
1792,2021-02-17,-4.2233
1793,2021-02-18,-3.669
1794,2021-02-19,2.6583
1795,2021-02-22,-12.1306
1796,2021-02-23,-1.8666
1797,2021-02-24,6.4589
1798,2021-02-25,-13.4543
1799,2021-02-26,6.3105
1800,2021-03-01,5.5445
1801,2021-03-02,-6.6802
1802,2021-03-03,-9.9903
1803,2021-03-04,-9.8836
1804,2021-03-05,2.4834
1805,2021-03-08,-15.0769
1806,2021-03-09,15.109
1807,2021-03-10,-3.2621
1808,2021-03-11,11.7807
1809,2021-03-12,-0.559
1810,2021-03-15,4.4685
1811,2021-03-16,0.7625
1812,2021-03-17,-0.3657
1813,2021-03-18,-14.1439
1814,2021-03-19,3.0142
1815,2021-03-22,3.9218
1816,2021-03-23,-6.0986
1817,2021-03-24,-6.184
1818,2021-03-25,-0.8582
1819,2021-03-26,3.904
1820,2021-03-29,-0.8805
1821,2021-03-30,-3.7519
1822,2021-03-31,8.1561
1823,2021-04-01,8.1802
1824,2021-04-05,1.0544
1825,2021-04-06,0.0309
1826,2021-04-07,2.3408
1827,2021-04-08,3.5011
1828,2021-04-09,-1.7901
1829,2021-04-12,-13.0606
1830,2021-04-13,5.111
1831,2021-04-14,-5.2072
1832,2021-04-15,13.9169
1833,2021-04-16,-2.6244
1834,2021-04-19,-3.2106
1835,2021-04-20,-5.7825
1836,2021-04-21,7.3312
1837,2021-04-22,-7.9997
1838,2021-04-23,11.5259
1839,2021-04-26,7.9426
1840,2021-04-27,-0.5908
1841,2021-04-28,-3.5441
1842,2021-04-29,-0.3301
1843,2021-04-30,-6.973
1844,2021-05-03,-9.6614
1845,2021-05-04,0.1924
1846,2021-05-05,-2.5129
1847,2021-05-06,0.1942
1848,2021-05-07,2.9591
1849,2021-05-10,-9.1824
1850,2021-05-11,2.7703
1851,2021-05-12,-7.2875
1852,2021-05-13,-5.2882
1853,2021-05-14,5.1194
1854,2021-05-17,0.2026
1855,2021-05-18,-0.7099
1856,2021-05-19,5.9879
1857,2021-05-20,5.9781
1858,2021-05-21,-2.8897
1859,2021-05-24,0.8802
1860,2021-05-25,1.363
1861,2021-05-26,1.5488
1862,2021-05-27,0.2572
1863,2021-05-28,5.2787
1864,2021-06-01,2.2868
1865,2021-06-02,3.5917
1866,2021-06-03,-5.2499
1867,2021-06-04,4.048
1868,2021-06-07,-0.7115
1869,2021-06-08,-1.429
1870,2021-06-09,-2.9141
1871,2021-06-10,4.9927
1872,2021-06-11,-0.7736
1873,2021-06-14,0.7427
1874,2021-06-15,-3.3596
1875,2021-06-16,-1.1299
1876,2021-06-17,13.6233
1877,2021-06-18,0.2681
1878,2021-06-21,-6.2084
1879,2021-06-22,3.0027
1880,2021-06-23,0.7226
1881,2021-06-24,6.7631
1882,2021-06-25,-1.4088
1883,2021-06-28,4.2609
1884,2021-06-29,6.964
1885,2021-06-30,12.1181
1886,2021-07-01,-1.6689
1887,2021-07-02,3.7263
1888,2021-07-06,-0.6128
1889,2021-07-07,-10.7076
1890,2021-07-08,-2.2365
1891,2021-07-09,3.2365
1892,2021-07-12,-0.2496
1893,2021-07-13,-1.5309
1894,2021-07-14,-3.4011
1895,2021-07-15,-6.0719
1896,2021-07-16,-3.033
1897,2021-07-19,2.0164
1898,2021-07-20,1.5379
1899,2021-07-21,6.5673
1900,2021-07-22,5.0229
1901,2021-07-23,2.5838
1902,2021-07-26,-0.9041
1903,2021-07-27,-2.1775
1904,2021-07-28,18.4121
1905,2021-07-29,12.5976
1906,2021-07-30,7.8086
1907,2021-08-02,5.7249
1908,2021-08-03,8.9558
1909,2021-08-04,13.533
1910,2021-08-05,-14.0036
1911,2021-08-06,-5.0751
1912,2021-08-09,-5.8578
1913,2021-08-10,-2.59
1914,2021-08-11,2.8241
1915,2021-08-12,-2.7768
1916,2021-08-13,9.4054
1917,2021-08-16,-7.0971
1918,2021-08-17,0.1875
1919,2021-08-18,-9.8424
1920,2021-08-19,0.6326
1921,2021-08-20,2.2981
1922,2021-08-23,9.7308
1923,2021-08-24,-2.6083
1924,2021-08-25,1.517
1925,2021-08-26,-2.4081
1926,2021-08-27,9.5201
1927,2021-08-30,-0.181
1928,2021-08-31,-1.3619
1929,2021-09-01,-1.667
1930,2021-09-02,-1.8165
1931,2021-09-03,1.6561
1932,2021-09-07,-1.7715
1933,2021-09-08,-6.9757
1934,2021-09-09,-0.0475
1935,2021-09-10,-2.2655
1936,2021-09-13,-0.96
1937,2021-09-14,2.2264
1938,2021-09-15,-0.31
1939,2021-09-16,1.4752
1940,2021-09-17,-5.6136
1941,2021-09-20,-5.7166
1942,2021-09-21,3.132
1943,2021-09-22,3.7947
1944,2021-09-23,4.2374
1945,2021-09-24,-0.8323
1946,2021-09-27,5.5594
1947,2021-09-28,-15.9657
1948,2021-09-29,-2.9211
1949,2021-09-30,6.3236
1950,2021-10-01,-1.1045
1951,2021-10-04,-5.2442
1952,2021-10-05,3.6651
1953,2021-10-06,4.4894
1954,2021-10-07,6.7415
1955,2021-10-08,-3.3122
1956,2021-10-11,-0.9131
1957,2021-10-12,0.8652
1958,2021-10-13,9.6953
1959,2021-10-14,6.4499
1960,2021-10-15,0.2924
1961,2021-10-18,9.5056
1962,2021-10-19,-0.2165
1963,2021-10-20,0.1299
1964,2021-10-21,6.2864
1965,2021-10-22,1.0327
1966,2021-10-25,5.2862
1967,2021-10-26,1.1712
1968,2021-10-27,-1.336
1969,2021-10-28,-2.3188
1970,2021-10-29,-1.9418
1971,2021-11-01,10.2679
1972,2021-11-02,4.7838
1973,2021-11-03,5.6618
1974,2021-11-04,13.1092
1975,2021-11-05,-2.135
1976,2021-11-08,24.3305
1977,2021-11-09,-2.0896
1978,2021-11-10,-15.7993
1979,2021-11-11,10.8263
1980,2021-11-12,3.224
1981,2021-11-15,-2.3969
1982,2021-11-16,10.0496
1983,2021-11-17,-1.8415
1984,2021-11-18,6.0543
1985,2021-11-19,0.6332
1986,2021-11-22,-4.7303
1987,2021-11-23,-4.3329
1988,2021-11-24,12.9091
1989,2021-11-26,-4.8207
1990,2021-11-29,11.3002
1991,2021-11-30,-5.5709
1992,2021-12-01,-15.1829
1993,2021-12-02,2.6395
1994,2021-12-03,-11.4095
1995,2021-12-06,-8.8143
1996,2021-12-07,10.2799
1997,2021-12-08,0.6776
1998,2021-12-09,-12.7032
1999,2021-12-10,0.8198
2000,2021-12-13,-8.7911
2001,2021-12-14,3.3675
2002,2021-12-15,19.4836
2003,2021-12-16,-13.8965
2004,2021-12-17,-1.6229
2005,2021-12-20,-3.5928
2006,2021-12-21,15.2119
2007,2021-12-22,-0.6472
2008,2021-12-23,3.9275
2009,2021-12-27,13.7901
2010,2021-12-28,-1.9832
2011,2021-12-29,-8.1775
2012,2021-12-30,-5.3423
2013,2021-12-31,-2.1796
2014,2022-01-03,10.8651
2015,2022-01-04,-9.9561
2016,2022-01-05,-14.8601
2017,2022-01-06,0.148
2018,2022-01-07,-7.9488
2019,2022-01-10,0.0
2020,2022-01-11,9.9387
2021,2022-01-12,0.2935
2022,2022-01-13,-8.8234
2023,2022-01-14,7.7395
2024,2022-01-18,-9.282
2025,2022-01-19,-7.0898
2026,2022-01-20,-12.8566
2027,2022-01-21,-6.4495
2028,2022-01-24,-4.883
2029,2022-01-25,-11.9569
2030,2022-01-26,-0.9542
2031,2022-01-27,-19.1712
2032,2022-01-28,6.4022
2033,2022-01-31,20.7007
2034,2022-02-01,5.5195
2035,2022-02-02,12.5847
2036,2022-02-03,-5.5624
2037,2022-02-04,7.2809
2038,2022-02-07,0.1427
2039,2022-02-08,9.1246
2040,2022-02-09,8.9196
2041,2022-02-10,-13.801
2042,2022-02-11,-26.5798
2043,2022-02-14,2.4153
2044,2022-02-15,15.398
2045,2022-02-16,-7.9665
2046,2022-02-17,-11.6568
2047,2022-02-18,3.2531
2048,2022-02-22,3.9973
2049,2022-02-23,-13.1726
2050,2022-02-24,15.2558
2051,2022-02-25,9.4377
2052,2022-02-28,4.7019
2053,2022-03-01,-20.2201
2054,2022-03-02,9.6638
2055,2022-03-03,-13.7931
2056,2022-03-04,-8.1648
2057,2022-03-07,-13.0226
2058,2022-03-08,6.2375
2059,2022-03-09,12.8483
2060,2022-03-10,-10.6372
2061,2022-03-11,-5.1896
2062,2022-03-14,-4.9782
2063,2022-03-15,16.8714
2064,2022-03-16,13.5509
2065,2022-03-17,-8.1691
2066,2022-03-18,3.9622
2067,2022-03-21,5.4054
2068,2022-03-22,-2.4905
2069,2022-03-23,-1.8952
2070,2022-03-24,14.2134
2071,2022-03-25,-1.8045
2072,2022-03-28,1.1975
2073,2022-03-29,6.1898
2074,2022-03-30,-8.3367
2075,2022-03-31,-21.8001
2076,2022-04-01,-2.6645
2077,2022-04-04,5.3923
2078,2022-04-05,-8.6037
2079,2022-04-06,-7.543
2080,2022-04-07,0.1215
2081,2022-04-08,-6.6968
2082,2022-04-11,-9.2238
2083,2022-04-12,-5.9445
2084,2022-04-13,6.9002
2085,2022-04-14,-12.3647
2086,2022-04-18,2.2376
2087,2022-04-19,8.03
2088,2022-04-20,-7.6813
2089,2022-04-21,-11.4322
2090,2022-04-22,-4.8422
2091,2022-04-25,7.1872
2092,2022-04-26,-15.8546
2093,2022-04-27,-0.7409
2094,2022-04-28,13.6609
2095,2022-04-29,-11.8569
2096,2022-05-02,12.4186
2097,2022-05-03,3.5927
2098,2022-05-04,21.9407
2099,2022-05-05,-14.4755
2100,2022-05-06,3.9157
2101,2022-05-09,-24.9291
2102,2022-05-10,6.8225
2103,2022-05-11,-2.311
2104,2022-05-12,-2.4771
2105,2022-05-13,22.3125
2106,2022-05-16,-2.3422
2107,2022-05-17,21.0988
2108,2022-05-18,-15.702
2109,2022-05-19,1.0187
2110,2022-05-20,-8.4021
2111,2022-05-23,4.1963
2112,2022-05-24,-10.5833
2113,2022-05-25,4.0856
2114,2022-05-26,16.0681
2115,2022-05-27,8.8017
2116,2022-05-31,-0.9877
2117,2022-06-01,-1.5883
2118,2022-06-02,17.7113
2119,2022-06-03,-5.3711
2120,2022-06-06,-1.5457
2121,2022-06-07,-0.8841
2122,2022-06-08,-8.2231
2123,2022-06-09,-7.7854
2124,2022-06-10,-10.3615
2125,2022-06-13,-21.7192
2126,2022-06-14,0.0
2127,2022-06-15,6.6045
2128,2022-06-16,-21.3375
2129,2022-06-17,-1.4786
2130,2022-06-21,6.7667
2131,2022-06-22,-0.1203
2132,2022-06-23,-4.0035
2133,2022-06-24,13.8292
2134,2022-06-27,-2.6765
2135,2022-06-28,-16.2481
2136,2022-06-29,-8.8575
2137,2022-06-30,-4.9599
2138,2022-07-01,-9.4003
2139,2022-07-05,5.18
2140,2022-07-06,0.5022
2141,2022-07-07,12.8757
2142,2022-07-08,0.1588
2143,2022-07-11,-7.7396
2144,2022-07-12,-1.9396
2145,2022-07-13,3.7994
2146,2022-07-14,3.4866
2147,2022-07-15,7.9215
2148,2022-07-18,0.9922
2149,2022-07-19,13.4082
2150,2022-07-20,10.2073
2151,2022-07-21,4.6347
2152,2022-07-22,-8.4106
2153,2022-07-25,-1.6069
2154,2022-07-26,-6.6799
2155,2022-07-27,13.1593
2156,2022-07-28,5.1377
2157,2022-07-29,7.582
2158,2022-08-01,6.0878
2159,2022-08-02,6.4523
2160,2022-08-03,-3.0642
2161,2022-08-04,14.5252
2162,2022-08-05,-3.9105
2163,2022-08-08,-5.5786
2164,2022-08-09,-11.6739
2165,2022-08-10,9.0921
2166,2022-08-11,-2.3773
2167,2022-08-12,6.8657
2168,2022-08-15,0.4495
2169,2022-08-16,-2.0289
2170,2022-08-17,-4.9012
2171,2022-08-18,5.5041
2172,2022-08-19,-11.5248
2173,2022-08-22,-8.3033
2174,2022-08-23,-0.9518
2175,2022-08-24,0.6531
2176,2022-08-25,11.812
2177,2022-08-26,-16.0598
2178,2022-08-29,-7.5464
2179,2022-08-30,-4.4532
2180,2022-08-31,-6.0726
2181,2022-09-01,-7.657
2182,2022-09-02,-6.4798
2183,2022-09-06,-4.8195
2184,2022-09-07,2.8331
2185,2022-09-08,9.8398
2186,2022-09-09,7.9997
2187,2022-09-12,-2.4002
2188,2022-09-13,-23.7414
2189,2022-09-14,1.3703
2190,2022-09-15,-2.5836
2191,2022-09-16,-0.4936
2192,2022-09-19,0.8549
2193,2022-09-20,-5.0395
2194,2022-09-21,-2.5919
2195,2022-09-22,-17.4394
2196,2022-09-23,-5.6467
2197,2022-09-26,-6.2318
2198,2022-09-27,3.2853
2199,2022-09-28,4.4254
2200,2022-09-29,-16.0574
2201,2022-09-30,-3.0833
2202,2022-10-03,10.7068
2203,2022-10-04,6.7324
2204,2022-10-05,0.1484
2205,2022-10-06,-0.334
2206,2022-10-07,-37.6233
2207,2022-10-10,-2.7314
2208,2022-10-11,-0.7859
2209,2022-10-12,0.9602
2210,2022-10-13,4.704
2211,2022-10-14,-13.1646
2212,2022-10-17,8.9393
2213,2022-10-18,-0.174
2214,2022-10-19,-3.0201
2215,2022-10-20,2.3666
2216,2022-10-21,4.5391
2217,2022-10-24,-0.5146
2218,2022-10-25,11.6196
2219,2022-10-26,-7.2361
2220,2022-10-27,-4.8131
2221,2022-10-28,14.2534
2222,2022-10-31,-8.0518
2223,2022-11-01,-1.6839
2224,2022-11-02,-4.3886
2225,2022-11-03,6.2823
2226,2022-11-04,8.5725
2227,2022-11-07,3.5808
2228,2022-11-08,3.0575
2229,2022-11-09,-16.0086
2230,2022-11-10,33.6131
2231,2022-11-11,13.9598
2232,2022-11-14,4.0072
2233,2022-11-15,9.5499
2234,2022-11-16,-12.4106
2235,2022-11-17,4.1256
2236,2022-11-18,-1.1278
2237,2022-11-21,-3.8311
2238,2022-11-22,9.5209
2239,2022-11-23,3.822
2240,2022-11-25,-4.1907
2241,2022-11-28,-6.6261
2242,2022-11-29,0.6877
2243,2022-11-30,14.1539
2244,2022-12-01,-0.4874
2245,2022-12-02,-8.2652
2246,2022-12-05,-4.6128
2247,2022-12-06,-11.7361
2248,2022-12-07,-0.4666
2249,2022-12-08,1.1828
2250,2022-12-09,-6.8142
2251,2022-12-12,7.5283
2252,2022-12-13,3.4705
2253,2022-12-14,-9.7528
2254,2022-12-15,-8.9305
2255,2022-12-16,-4.2784
2256,2022-12-19,-3.1791
2257,2022-12-20,1.7883
2258,2022-12-21,9.9879
2259,2022-12-22,-14.6406
2260,2022-12-23,2.5911
2261,2022-12-27,-4.9301
2262,2022-12-28,-2.8036
2263,2022-12-29,8.9027
2264,2022-12-30,-0.1945
2265,2023-01-03,-2.935
2266,2023-01-04,2.5067
2267,2023-01-05,-9.2484
2268,2023-01-06,6.5054
2269,2023-01-09,12.6026
2270,2023-01-10,3.0176
2271,2023-01-11,3.7127
2272,2023-01-12,6.2706
2273,2023-01-13,0.7109
2274,2023-01-17,2.0854
2275,2023-01-18,-3.7591
2276,2023-01-19,-10.2827
2277,2023-01-20,8.6337
2278,2023-01-23,22.2234
2279,2023-01-24,-6.0991
2280,2023-01-25,0.7074
2281,2023-01-26,0.8396
2282,2023-01-27,0.8034
2283,2023-01-30,-10.0575
2284,2023-01-31,9.2205
2285,2023-02-01,29.9681
2286,2023-02-02,10.6965
2287,2023-02-03,-6.4159
2288,2023-02-06,-7.1551
2289,2023-02-07,6.6277
2290,2023-02-08,-3.6043
2291,2023-02-09,-4.4428
2292,2023-02-10,-5.2945
2293,2023-02-13,5.0521
2294,2023-02-14,8.4067
2295,2023-02-15,-2.2678
2296,2023-02-16,-15.5586
2297,2023-02-17,-5.0217
2298,2023-02-21,-5.6157
2299,2023-02-22,-0.5258
2300,2023-02-23,10.1226
2301,2023-02-24,-5.3008
2302,2023-02-27,2.1849
2303,2023-02-28,-0.6086
2304,2023-03-01,-0.9317
2305,2023-03-02,6.8271
2306,2023-03-03,3.3609
2307,2023-03-06,-1.1153
2308,2023-03-07,2.9326
2309,2023-03-08,9.8116
2310,2023-03-09,-3.9869
2311,2023-03-10,-4.1119
2312,2023-03-13,-2.0199
2313,2023-03-14,16.185
2314,2023-03-15,6.3455
2315,2023-03-16,18.7314
2316,2023-03-17,3.2142
2317,2023-03-20,-2.667
2318,2023-03-21,-2.3011
2319,2023-03-22,4.2976
2320,2023-03-23,6.878
2321,2023-03-24,-5.9243
2322,2023-03-27,-3.4713
2323,2023-03-28,-5.4048
2324,2023-03-29,4.0448
2325,2023-03-30,4.6512
2326,2023-03-31,0.3345
2327,2023-04-03,-3.756
2328,2023-04-04,-1.8072
2329,2023-04-05,-8.8543
2330,2023-04-06,-0.2451
2331,2023-04-10,8.0722
2332,2023-04-11,-3.8563
2333,2023-04-12,-4.5977
2334,2023-04-13,-0.6559
2335,2023-04-14,-0.9321
2336,2023-04-17,-5.2172
2337,2023-04-18,-0.2525
2338,2023-04-19,0.4487
2339,2023-04-20,0.4759
2340,2023-04-21,-4.7426
2341,2023-04-24,-2.4627
2342,2023-04-25,-11.0894
2343,2023-04-26,6.3545
2344,2023-04-27,4.3605
2345,2023-04-28,5.5017
2346,2023-05-01,0.9007
2347,2023-05-02,0.6174
2348,2023-05-03,-24.3772
2349,2023-05-04,14.9539
2350,2023-05-05,9.227
2351,2023-05-08,14.1794
2352,2023-05-09,0.053
2353,2023-05-10,5.143
2354,2023-05-11,0.2077
2355,2023-05-12,-4.8211
2356,2023-05-15,5.5985
2357,2023-05-16,10.341
2358,2023-05-17,5.5749
2359,2023-05-18,9.9537
2360,2023-05-19,-4.9753
2361,2023-05-22,5.1387
2362,2023-05-23,0.2798
2363,2023-05-24,0.3494
2364,2023-05-25,26.6556
2365,2023-05-26,13.6128
2366,2023-05-30,-3.5159
2367,2023-05-31,-14.6182
2368,2023-06-01,2.6719
2369,2023-06-02,-3.4191
2370,2023-06-05,0.1496
2371,2023-06-06,13.115
2372,2023-06-07,-13.3287
2373,2023-06-08,6.7941
2374,2023-06-09,7.9304
2375,2023-06-12,8.4699
2376,2023-06-13,-9.2579
2377,2023-06-14,5.6033
2378,2023-06-15,-6.1909
2379,2023-06-16,-8.5824
2380,2023-06-20,-2.425
2381,2023-06-21,-14.8817
2382,2023-06-22,-3.1895
2383,2023-06-23,-1.5756
2384,2023-06-26,-5.7928
2385,2023-06-27,6.6618
2386,2023-06-28,-0.5027
2387,2023-06-29,2.4357
2388,2023-06-30,5.9771
2389,2023-07-03,4.1904
2390,2023-07-05,-4.1019
2391,2023-07-06,-1.0416
2392,2023-07-07,-0.6893
2393,2023-07-10,0.9113
2394,2023-07-11,-5.0648
2395,2023-07-12,7.2738
2396,2023-07-13,2.93
2397,2023-07-14,0.0435
2398,2023-07-17,5.1206
2399,2023-07-18,-0.832
2400,2023-07-19,-3.2259
2401,2023-07-20,-13.744
2402,2023-07-21,1.5949
2403,2023-07-24,-0.7734
2404,2023-07-25,5.3871
2405,2023-07-26,-6.5746
2406,2023-07-27,2.3014
2407,2023-07-28,4.184
2408,2023-07-31,3.1922
2409,2023-08-01,6.9522
2410,2023-08-02,-18.3293
2411,2023-08-03,8.6085
2412,2023-08-04,5.8774
2413,2023-08-07,2.1449
2414,2023-08-08,-7.8441
2415,2023-08-09,-6.2186
2416,2023-08-10,-0.5481
2417,2023-08-11,-6.1557
2418,2023-08-14,10.125
2419,2023-08-15,-1.4218
2420,2023-08-16,-9.595
2421,2023-08-17,-6.5495
2422,2023-08-18,2.4253
2423,2023-08-21,6.5342
2424,2023-08-22,-6.0328
2425,2023-08-23,8.8348
2426,2023-08-24,-18.2133
2427,2023-08-25,1.1115
2428,2023-08-28,0.8857
2429,2023-08-29,8.0007
2430,2023-08-30,1.589
2431,2023-08-31,-2.0653
2432,2023-09-01,8.7378
2433,2023-09-05,3.0438
2434,2023-09-06,-3.4355
2435,2023-09-07,-6.2808
2436,2023-09-08,-1.1849
2437,2023-09-11,-1.8357
2438,2023-09-12,-0.0239
2439,2023-09-13,5.6786
2440,2023-09-14,-2.5395
2441,2023-09-15,-12.45
2442,2023-09-18,2.1756
2443,2023-09-19,-1.8778
2444,2023-09-20,-3.1695
2445,2023-09-21,-10.8539
2446,2023-09-22,0.2359
2447,2023-09-25,3.0723
2448,2023-09-26,-3.7017
2449,2023-09-27,5.481
2450,2023-09-28,11.7721
2451,2023-09-29,0.1471
2452,2023-10-02,1.1005
2453,2023-10-03,-7.907
2454,2023-10-04,9.8517
2455,2023-10-05,-2.8247
2456,2023-10-06,10.3861
2457,2023-10-09,-0.6353
2458,2023-10-10,4.7606
2459,2023-10-11,-1.6234
2460,2023-10-12,1.1143
2461,2023-10-13,-8.7198
2462,2023-10-16,3.264
2463,2023-10-17,-3.1441
2464,2023-10-18,-7.221
2465,2023-10-19,0.5667
2466,2023-10-20,-1.4562
2467,2023-10-23,-4.4952
2468,2023-10-24,4.1484
2469,2023-10-25,-14.3165
2470,2023-10-26,-6.336
2471,2023-10-27,7.3179
2472,2023-10-30,-0.6542
2473,2023-10-31,6.0064
2474,2023-11-01,23.2961
2475,2023-11-02,-0.4903
2476,2023-11-03,10.1235
2477,2023-11-06,-1.125
2478,2023-11-07,3.8047
2479,2023-11-08,0.3108
2480,2023-11-09,-0.2219
2481,2023-11-10,11.0773
2482,2023-11-13,-3.8543
2483,2023-11-14,6.5807
2484,2023-11-15,-3.9833
2485,2023-11-16,3.8781
2486,2023-11-17,1.6559
2487,2023-11-20,1.894
2488,2023-11-21,-4.9629
2489,2023-11-22,6.9868
2490,2023-11-24,-0.4117
2491,2023-11-27,0.6995
2492,2023-11-28,-1.3184
2493,2023-11-29,3.772
2494,2023-11-30,-5.5337
2495,2023-12-01,0.4779
2496,2023-12-04,-5.9233
2497,2023-12-05,-0.4041
2498,2023-12-06,-3.3429
2499,2023-12-07,23.7592
2500,2023-12-08,1.0774
2501,2023-12-11,10.5091
2502,2023-12-12,5.9292
2503,2023-12-13,1.0599
2504,2023-12-14,-0.3467
2505,2023-12-15,2.0913
2506,2023-12-18,-0.4532
2507,2023-12-19,2.2577
2508,2023-12-20,-8.5587
2509,2023-12-21,8.1268
2510,2023-12-22,-0.559
2511,2023-12-26,6.7855
2512,2023-12-27,4.6313
2513,2023-12-28,4.5986
2514,2023-12-29,-2.2973
2515,2024-01-02,-15.5661
2516,2024-01-03,-5.999
2517,2024-01-04,1.2817
2518,2024-01-05,4.7173
2519,2024-01-08,13.4545
2520,2024-01-09,5.2545
2521,2024-01-10,-1.2185
2522,2024-01-11,-0.8837
2523,2024-01-12,-2.4979
2524,2024-01-16,20.1179
2525,2024-01-17,2.26
2526,2024-01-18,3.9029
2527,2024-01-19,17.3005
2528,2024-01-22,-8.906
2529,2024-01-23,0.3594
2530,2024-01-24,14.3515
2531,2024-01-25,2.867
2532,2024-01-26,-4.3413
2533,2024-01-29,0.8233
2534,2024-01-30,-8.3122
2535,2024-01-31,-6.483
2536,2024-02-01,4.1582
2537,2024-02-02,10.3959
2538,2024-02-05,-4.9128
2539,2024-02-06,-9.356
2540,2024-02-07,4.5519
2541,2024-02-08,-2.3549
2542,2024-02-09,4.6151
2543,2024-02-12,-0.8342
2544,2024-02-13,-0.543
2545,2024-02-14,10.3048
2546,2024-02-15,-2.7507
2547,2024-02-16,-4.1542
2548,2024-02-20,-12.1437
2549,2024-02-21,-2.1383
2550,2024-02-22,25.6042
2551,2024-02-23,-7.5103
2552,2024-02-26,-0.7291
2553,2024-02-27,2.8332
2554,2024-02-28,-2.0755
2555,2024-02-29,21.8495
2556,2024-03-01,12.8971
2557,2024-03-04,3.36
2558,2024-03-05,-0.2824
2559,2024-03-06,6.6677
2560,2024-03-07,0.8957
2561,2024-03-08,-4.8022
2562,2024-03-11,-11.1803
2563,2024-03-12,5.4906
2564,2024-03-13,-10.1054
2565,2024-03-14,-10.2041
2566,2024-03-15,5.3318
2567,2024-03-18,-0.5414
2568,2024-03-19,-12.5054
2569,2024-03-20,-2.3585
2570,2024-03-21,-1.4765
2571,2024-03-22,1.3643
2572,2024-03-25,-1.4349
2573,2024-03-26,-1.0744
2574,2024-03-27,2.4251
2575,2024-03-28,1.2597
2576,2024-04-01,3.9481
2577,2024-04-02,-6.4598
2578,2024-04-03,2.9023
2579,2024-04-04,-21.7381
2580,2024-04-05,6.8803
2581,2024-04-08,-0.7701
2582,2024-04-09,1.3019
2583,2024-04-10,-5.4292
2584,2024-04-11,5.0157
2585,2024-04-12,-10.9037
2586,2024-04-15,-4.6103
2587,2024-04-16,4.8879
2588,2024-04-17,-14.9904
2589,2024-04-18,1.7284
2590,2024-04-19,-14.102
2591,2024-04-22,3.4138
2592,2024-04-23,6.0803
2593,2024-04-24,-0.8787
2594,2024-04-25,3.3326
2595,2024-04-26,5.8961
2596,2024-04-29,4.4434
2597,2024-04-30,-2.8793
2598,2024-05-01,-23.5143
2599,2024-05-02,3.2799
2600,2024-05-03,7.5412
2601,2024-05-06,8.522
2602,2024-05-07,-2.1934
2603,2024-05-08,-1.3252
2604,2024-05-09,-2.0258
2605,2024-05-10,-0.7784
2606,2024-05-13,-2.2661
2607,2024-05-14,4.3146
2608,2024-05-15,10.4898
2609,2024-05-16,4.6134
2610,2024-05-17,2.8506
2611,2024-05-20,2.8339
2612,2024-05-21,-2.5429
2613,2024-05-22,1.3127
2614,2024-05-23,-7.871
2615,2024-05-24,9.1467
2616,2024-05-28,7.8297
2617,2024-05-29,-9.6846
2618,2024-05-30,2.4449
2619,2024-05-31,0.2266
2620,2024-06-03,-5.1096
2621,2024-06-04,-5.5459
2622,2024-06-05,9.5508
2623,2024-06-06,0.9234
2624,2024-06-07,1.6416
2625,2024-06-10,-11.5651
2626,2024-06-11,-2.1783
2627,2024-06-12,2.0211
2628,2024-06-13,-0.5353
2629,2024-06-14,-0.4259
2630,2024-06-17,-1.9493
2631,2024-06-18,-6.0703
2632,2024-06-20,11.391
2633,2024-06-21,-0.8582
2634,2024-06-24,-1.5364
2635,2024-06-25,0.0
2636,2024-06-26,-4.298
2637,2024-06-27,3.0685
2638,2024-06-28,4.2931
2639,2024-07-01,-7.1217
2640,2024-07-02,10.3632
2641,2024-07-03,-0.6296
2642,2024-07-05,12.0094
2643,2024-07-08,9.7624
2644,2024-07-09,-2.2524
2645,2024-07-10,9.577
2646,2024-07-11,-2.7824
2647,2024-07-12,-0.4575
2648,2024-07-15,-2.4821
2649,2024-07-16,-3.2154
2650,2024-07-17,-27.1271
2651,2024-07-18,-5.8525
2652,2024-07-19,-6.8713
2653,2024-07-22,7.033
2654,2024-07-23,-3.0416
2655,2024-07-24,-15.819
2656,2024-07-25,-11.2414
2657,2024-07-26,3.0243
2658,2024-07-29,-0.4324
2659,2024-07-30,-2.3734
2660,2024-07-31,10.7614
2661,2024-08-01,-21.7367
2662,2024-08-02,-0.0761
2663,2024-08-05,4.3742
2664,2024-08-06,-8.8257
2665,2024-08-07,-2.9401
2666,2024-08-08,14.554
2667,2024-08-09,-3.8184
2668,2024-08-12,4.6489
2669,2024-08-13,7.908
2670,2024-08-14,-0.6794
2671,2024-08-15,11.5651
2672,2024-08-16,2.0438
2673,2024-08-19,11.1487
2674,2024-08-20,1.8111
2675,2024-08-21,2.2617
2676,2024-08-22,-9.9507
2677,2024-08-23,5.3906
2678,2024-08-26,-8.2473
2679,2024-08-27,0.8554
2680,2024-08-28,-7.0292
2681,2024-08-29,-1.5024
2682,2024-08-30,5.2622
2683,2024-09-03,-20.5244
2684,2024-09-04,7.1302
2685,2024-09-05,-2.5712
2686,2024-09-06,-9.3709
2687,2024-09-09,7.0287
2688,2024-09-10,8.413
2689,2024-09-11,12.0901
2690,2024-09-12,1.5256
2691,2024-09-13,2.5609
2692,2024-09-16,-0.3808
2693,2024-09-17,-2.0965
2694,2024-09-18,-4.2631
2695,2024-09-19,13.9655
2696,2024-09-20,-1.2733
2697,2024-09-23,1.2894
2698,2024-09-24,2.5115
2699,2024-09-25,5.8216
2700,2024-09-26,8.3674
2701,2024-09-27,-4.7692
2702,2024-09-30,-0.4143
2703,2024-10-01,-6.7395
2704,2024-10-02,0.0473
2705,2024-10-03,4.796
2706,2024-10-04,12.1588
2707,2024-10-07,0.1032
2708,2024-10-08,2.683
2709,2024-10-09,-2.6093
2710,2024-10-10,-10.2859
2711,2024-10-11,5.6311
2712,2024-10-14,-3.9636
2713,2024-10-15,-13.5148
2714,2024-10-16,-0.8218
2715,2024-10-17,0.1936
2716,2024-10-18,-0.452
2717,2024-10-21,3.0992
2718,2024-10-22,-6.1551
2719,2024-10-23,-1.9372
2720,2024-10-24,0.8719
2721,2024-10-25,4.541
2722,2024-10-28,5.8828
2723,2024-10-29,9.7824
2724,2024-10-30,-28.2831
2725,2024-10-31,-7.8016
2726,2024-11-01,-3.8956
2727,2024-11-04,-2.0512
2728,2024-11-05,1.6957
2729,2024-11-06,6.0463
2730,2024-11-07,8.0669
2731,2024-11-08,-3.1652
2732,2024-11-11,-1.024
2733,2024-11-12,-6.4437
2734,2024-11-13,-7.7139
2735,2024-11-14,-0.8335
2736,2024-11-15,-7.2547
2737,2024-11-18,7.418
2738,2024-11-19,0.833
2739,2024-11-20,-3.2571
2740,2024-11-21,-0.2015
2741,2024-11-22,1.5714
2742,2024-11-25,5.0135
2743,2024-11-26,-6.1636
2744,2024-11-27,-2.7228
2745,2024-11-29,1.7235
2746,2024-12-02,8.818
2747,2024-12-03,-0.142
2748,2024-12-04,3.5425
2749,2024-12-05,-4.6454
2750,2024-12-06,-4.9871
2751,2024-12-09,-14.4435
2752,2024-12-10,-6.1003
2753,2024-12-11,4.7101
2754,2024-12-12,0.8698
2755,2024-12-13,-7.2226
2756,2024-12-16,-0.4372
2757,2024-12-17,-3.3439
2758,2024-12-18,-7.3837
2759,2024-12-19,-5.3068
2760,2024-12-20,0.6986
2761,2024-12-23,11.1439
2762,2024-12-24,3.395
2763,2024-12-26,-2.4664
2764,2024-12-27,0.2618
2765,2024-12-30,-5.5973
2766,2024-12-31,-3.419
